brand_name,model_name,battery_type,resolution,os,video_4K,ram(GB),storage(GB),popularity,best_price,lowest_price,highest_price,sellers_amount,screen_size,memory_size,battery_size
27,1,0,1080x2280,63,0,4,128,6.492239835020471,8.403128235128264,3978.0,1,5.0,5.15,64,10
2,1,1,1440x3200,166,0,8,256,5.869296913133774,8.797095076549056,6499.0,1,3.0,6.53,256,23
103,1,0,720x1520,63,0,3,64,6.786716950605081,8.941152882160566,4574.0,167,1.0,5.8,64,54
34,1,0,720x1440,5,0,1,16,6.860663671448287,8.585785982881848,5150.0,1,13.0,6.3,64,1
38,2,0,1440x2960,32,1,6,64,6.131226489483141,6.4967749901858625,499.0,2,5.0,3.4,8,27
60,1,1,1080x2460,68,1,8,128,7.010311867307229,9.65534665470488,10064.0,1,46.0,5.5,64,7
16,1,0,1170x2532,4,1,4,128,6.98933526597456,8.562357743370612,4960.0,2,13.0,6.3,128,7
58,1,1,1440x3216,166,1,8,128,5.572154032177765,8.480944058741116,4740.0,1,3.0,6.53,128,10
103,1,1,720x1600,139,0,3,64,6.960347729101308,9.592468614719909,13134.0,1,11.0,6.7,128,36
60,1,1,1080x2400,68,1,8,128,7.103322062526113,9.856160068128911,13134.0,2,59.5,6.7,128,5
103,2,1,720x1600,139,1,4,64,5.056245805348308,8.358900612421644,4116.0,2,6.0,6.22,16,23
60,1,1,1080x2400,68,1,8,128,6.726233402358747,9.603530449208735,8505.0,1,31.0,4.7,256,7
103,1,1,720x1560,139,0,4,64,6.871091294610546,9.7603097828598,13134.0,1,10.0,6.5,128,36
39,1,0,720x1520,193,0,2,32,1.9459101490553132,8.157657015196472,4574.0,167,1.0,5.2,16,3
60,1,1,1080x2408,68,0,4,64,6.748759547491679,8.738735461363474,4200.0,1,3.0,4.0,16,3
103,1,1,1080x2340,139,1,6,128,6.634633357861686,8.159946655578548,4574.0,167,1.0,5.6,32,54
60,1,1,1080x2400,166,0,8,64,6.453624998892692,9.856160068128911,13134.0,2,27.0,6.1,256,5
60,1,1,1080x2400,68,1,8,128,6.56244409369372,9.856160068128911,13134.0,1,21.0,5.8,256,3
38,1,1,1080x1920,11,1,6,64,6.824373670043086,7.07326971745971,959.0,3,59.5,3.4,32,6
6,1,1,720x1600,166,0,4,32,4.276666119016055,7.928406026180535,2222.0,3,8.0,5.5,16,54
34,2,0,1080x2340,139,1,6,64,4.6443908991413725,8.711443319075466,5910.0,2,20.0,6.21,64,13
58,1,1,1080x2400,166,0,8,128,5.849324779946859,8.187299270155147,3377.0,1,4.0,5.9,32,88
38,1,0,720x1280,32,0,5,16,4.07753744390572,6.212606095751519,4574.0,167,1.0,3.4,8,27
27,1,0,1080x1920,14,1,4,32,6.07993319509559,8.549660381553739,4897.0,1,7.0,6.21,64,23
16,1,1,1080x2340,193,1,8,64,6.226536669287466,8.545974992841689,4982.0,1,9.0,6.41,64,4
103,1,0,1440x3200,193,1,8,128,6.984716320118266,9.856160068128911,13134.0,1,59.5,6.7,256,12
58,1,1,1080x2400,166,1,8,128,6.914730892718563,8.177234885510194,3480.0,2,3.0,6.22,32,74
14,3,1,1080x2340,139,1,8,128,4.804021044733257,5.937536205082426,4574.0,167,1.0,3.4,32,6
103,2,1,1080x2340,139,0,6,128,4.882801922586371,8.358900612421644,4116.0,2,6.0,6.22,16,23
9,1,1,1080x2400,166,1,8,256,6.8885724595653635,9.856160068128911,13134.0,1,14.0,6.56,256,2
8,1,1,1080x2400,166,0,8,128,6.919683849847411,9.856160068128911,13134.0,1,20.0,6.67,128,74
38,1,0,720x1440,45,0,4,32,6.411818267709897,8.083637203141548,2989.0,1,37.0,3.4,4,4
14,1,1,1440x3120,139,1,6,128,6.803505257608338,5.968707559985366,345.0,1,19.0,3.4,16,18
33,1,1,1080x2412,166,1,8,128,5.886104031450156,7.842278779117352,2280.0,5,39.0,5.0,8,74
24,1,0,720x1280,45,0,3,16,5.950642552587727,6.726233402358747,719.0,2,26.0,3.4,8,13
103,1,1,1080x2340,193,1,8,256,7.081708586105575,9.552439604462528,12049.0,1,4.0,6.7,128,36
7,1,1,1080x2340,193,0,6,64,2.5649493574615367,8.318498320504338,4574.0,167,1.0,5.5,64,88
58,1,0,720x1520,139,0,3,32,6.9440872082295275,9.109303827798412,8699.0,1,5.0,6.67,64,1
60,1,0,720x1600,166,0,6,32,6.993932975223189,9.856160068128911,13134.0,1,59.5,6.1,256,5
34,2,1,1080x2244,63,0,4,128,6.306275286948016,8.179199798423086,2629.0,2,47.0,5.5,16,7
24,1,1,1080x2400,166,1,8,128,6.349138991379798,8.343791731996841,3519.0,3,23.0,6.3,64,5
14,1,1,1080x2340,139,0,8,128,6.161207321695077,9.856160068128911,13134.0,3,4.0,6.7,512,1
33,1,0,540x960,2,0,1,8,6.897704943128636,6.095824562432225,399.0,1,24.0,3.4,64,4
19,2,0,720x1440,139,0,2,16,4.564348191467836,8.988321188323683,4574.0,167,1.0,5.7,128,20
20,1,1,1080x2340,139,1,6,64,6.53813982376767,7.332369205929062,1368.0,1,45.0,5.0,16,13
8,1,1,720x1600,193,0,2,32,6.90975328164481,9.856160068128911,13134.0,1,5.0,6.59,256,7
34,1,0,720x1520,63,0,3,32,6.778784897685177,9.253016646256619,9949.0,1,30.0,6.3,128,3
60,1,1,720x1600,166,0,4,64,7.020190708311925,9.856160068128911,13134.0,1,59.5,6.5,256,4
13,1,0,720x1440,45,0,2,16,7.057036981697891,9.856160068128911,13134.0,1,23.0,6.78,128,2
3,1,0,720x1600,166,1,8,128,1.6094379124341003,5.786897381366708,222.0,1,14.0,3.4,32,18
5,1,0,720x1520,139,0,2,16,6.61472560020376,6.693323668269949,749.0,3,22.0,3.4,64,2
58,1,0,720x1440,45,0,3,32,7.001245622069476,9.53575166123797,13134.0,1,31.0,6.67,128,2
28,1,1,1344x2772,193,1,8,256,6.008813185442595,9.856160068128911,13134.0,1,10.0,6.58,512,13
14,1,1,1080x2220,63,1,8,64,7.0431599159883405,8.567315800819449,4407.0,2,59.5,6.5,64,74
39,1,1,1080x2400,166,0,8,128,6.879355804460439,9.856160068128911,13134.0,1,19.0,6.2,128,2
34,1,1,1080x2340,139,1,8,128,6.930494765951626,7.908387159290043,2560.0,1,25.0,5.5,32,7
60,1,1,720x1612,68,0,6,64,6.787844982309579,8.986071187374463,4949.0,1,11.0,4.0,32,3
23,1,1,720x1600,166,0,4,128,4.219507705176107,8.996032669324372,5649.0,1,6.0,6.18,64,5
58,1,1,1080x2400,166,1,8,64,5.170483995038151,8.208219383496834,3539.0,1,4.0,6.26,64,88
19,1,1,720x1520,139,0,3,32,6.937314081223682,8.625329850020815,5566.0,1,2.0,6.1,64,54
103,1,0,720x1560,139,0,3,32,5.783825182329737,8.414274137408396,4574.0,167,1.0,5.1,32,19
58,1,1,1080x2400,166,1,8,128,6.679599185844383,8.35608503102148,3599.0,1,3.0,6.53,64,74
8,1,1,1080x2340,139,1,8,128,5.198497031265826,7.681099001536359,1999.0,1,2.0,5.7,16,14
28,1,1,720x1600,193,0,3,32,6.963189985870238,9.824660771990157,13134.0,1,18.0,6.47,256,13
33,1,1,720x1600,166,0,6,64,5.6240175061873385,6.522092798170152,599.0,5,38.0,3.4,64,14
14,3,0,1080x1920,32,0,4,16,5.700443573390687,7.497207223203318,1659.0,3,36.0,5.0,16,13
60,1,1,1440x3200,68,1,8,256,7.028201432058005,9.856160068128911,13134.0,1,37.0,6.5,256,4
39,1,1,1080x2340,166,1,6,128,5.945420608606575,8.934586870389676,4574.0,167,1.0,6.3,128,23
23,2,0,1080x2340,63,1,6,64,3.2188758248682006,8.041412909393047,4574.0,167,1.0,5.5,64,5
34,1,1,720x1520,63,0,4,32,6.5337888379333435,6.899723107284872,900.0,1,22.0,3.4,16,54
33,1,1,720x1600,193,0,3,32,6.721425700790643,6.52795791762255,598.0,5,48.0,3.4,64,14
103,1,1,720x1560,139,0,6,64,3.9889840465642745,8.366370301681654,4100.0,1,2.0,5.8,32,54
60,1,1,1080x2404,68,0,8,128,7.085901464365611,9.856160068128911,13134.0,1,59.5,5.4,64,1
20,1,0,1080x2520,139,1,6,64,6.464588303689961,7.496097345175956,1678.0,1,39.0,6.0,32,19
28,1,1,720x1560,193,0,4,64,6.96979066990159,9.75004495529255,13134.0,3,18.0,6.1,128,4
34,1,0,1080x2280,139,0,6,64,6.331501849893691,8.757154527656606,5780.0,1,5.0,5.7,64,7
24,1,1,1080x2408,166,0,8,256,6.520621127558696,9.110409533351133,8999.0,1,2.0,6.57,128,13
39,2,0,1440x3088,193,1,8,256,5.241747015059643,8.663887570567042,4574.0,167,1.0,6.2,64,74
1,1,1,1080x2400,166,1,8,128,6.548219102762372,7.231287004327616,1381.0,1,2.0,3.4,64,1
103,1,1,720x1600,193,0,4,32,6.7580945044277305,9.856160068128911,13134.0,1,10.0,6.1,128,23
4,1,1,1080x2340,139,0,8,64,6.481577129276431,6.304448802421981,499.0,3,28.0,3.4,32,6
103,1,1,1440x3168,193,1,8,128,6.80128303447162,9.704792681624228,13134.0,1,16.0,6.5,128,36
39,1,0,1080x2280,139,1,8,256,6.530877627725885,8.486527777105353,4499.0,2,2.0,6.2,64,54
60,1,1,1080x2388,166,0,8,128,6.295266001439646,9.856160068128911,13134.0,1,33.0,5.8,64,3
11,1,1,720x1640,193,0,4,64,6.926577033222725,9.856160068128911,13134.0,3,4.0,6.3,64,3
17,1,1,1344x2772,166,1,12,512,6.561030665896573,5.683579767338681,260.0,1,41.0,3.4,64,1
58,1,1,1080x2400,166,1,8,128,7.05444965813294,8.161375023197486,3315.0,1,28.0,6.22,64,74
39,2,1,1080x2400,193,1,8,128,6.066108090103747,8.18004072349016,3549.0,3,2.0,5.2,32,54
16,2,1,720x1560,193,0,4,64,6.222576268071369,8.537191877922927,4999.0,2,7.0,6.3,64,7
39,2,1,1080x2400,193,1,8,64,6.220590170099739,9.366489054466115,11490.0,2,2.0,6.4,128,4
60,1,1,1080x2460,68,1,6,128,6.814542897259958,9.854454858958817,12729.0,1,40.0,5.5,256,7
103,1,1,1080x2400,193,1,8,128,6.70808408385307,9.856160068128911,13134.0,1,31.0,7.3,512,7
58,1,1,720x1600,166,0,4,32,7.064759027791802,8.53405030848266,4649.0,1,45.0,6.53,64,10
27,1,1,1080x1920,32,0,4,32,6.049733455231958,8.293799608846818,4574.0,167,2.0,6.21,32,23
14,1,0,1440x3120,63,1,4,32,7.024649030453636,9.004668301573977,7298.0,3,21.0,6.4,128,1
39,1,1,1080x2160,139,1,4,64,6.834108738813838,8.34687925374656,4199.0,2,5.0,6.5,64,74
27,1,0,720x1280,32,0,2,16,5.3706380281276624,8.506738733512378,4646.0,1,8.0,6.21,64,23
15,1,0,1080x1920,32,0,2,32,6.501289670540389,8.580731212220226,4574.0,167,1.0,5.95,64,23
33,1,1,1080x2376,166,0,8,128,5.0369526024136295,8.00603417874901,4574.0,167,1.0,5.0,8,74
58,1,1,1080x2280,193,1,8,64,6.99117688712121,9.429957713513835,4574.0,167,1.0,6.57,64,3
6,1,0,1080x2160,45,1,6,32,4.406719247264253,8.128880142125638,3119.0,1,5.0,6.09,32,88
6,1,1,1080x2400,166,1,8,128,6.588926477533519,8.338783971442199,4149.0,1,2.0,6.2,64,23
6,2,1,720x1440,63,0,4,32,4.663439094112067,5.529429087511423,220.0,3,20.0,3.4,32,9
23,1,1,1080x2460,68,1,18,256,2.70805020110221,8.070593539949519,4574.0,167,1.0,6.3,64,2
15,1,1,1080x2400,193,1,8,64,5.84354441703136,7.9247959139564355,2699.0,3,3.0,5.7,16,20
24,1,0,1440x2880,139,1,6,64,5.749392985908253,8.808668062106715,6486.0,1,6.0,5.7,64,7
2,1,1,1080x2376,166,1,8,128,6.249975242259483,8.536014945656826,4897.0,1,3.0,5.99,128,1
34,2,0,720x1440,45,0,4,32,5.480638923341991,7.524021415206125,1795.0,2,2.0,5.5,16,7
24,1,0,720x1480,45,0,4,32,4.418840607796598,6.705639094860003,755.0,1,4.0,3.4,8,13
13,1,1,1080x2412,166,0,8,128,5.87493073085203,6.539585955617669,616.0,2,25.0,3.4,64,27
17,1,1,1440x3200,166,1,6,128,6.459904454377535,7.746732907753622,1999.0,1,18.0,6.52,16,74
23,1,1,720x1600,1,0,4,32,6.16541785423142,8.632662441222351,4899.0,1,6.0,6.18,128,5
60,1,1,1080x2408,68,1,6,128,7.026426808699636,9.856160068128911,13134.0,1,59.5,5.8,256,2
103,2,1,1080x2400,139,0,8,128,5.37989735354046,9.804440398934894,13134.0,2,6.0,6.3,128,20
34,1,0,1080x2246,63,1,6,64,6.263398262591624,8.430327258394575,4440.0,1,19.0,5.0,64,1
6,1,0,1080x2160,63,0,4,32,6.424869023905388,7.377133712833954,4574.0,167,1.0,5.0,16,6
103,1,1,1080x2340,139,1,8,256,5.631211781821365,8.648045999835,4574.0,167,1.0,6.0,64,20
19,1,1,1080x2340,139,0,8,128,6.895682697747868,9.576856729945773,13134.0,1,21.0,6.21,128,1
58,1,1,720x1600,193,0,6,32,6.8308742346461795,9.315060682746585,8649.0,1,9.0,6.57,128,3
13,1,1,1080x2460,193,0,4,128,7.085064293952548,9.189627330378642,7900.0,1,28.0,6.49,128,12
103,1,1,1080x2400,193,1,8,128,6.891625897052253,9.856160068128911,13134.0,1,30.0,6.9,128,74
33,1,1,720x1600,166,0,6,128,1.0986122886681098,8.00603417874901,4574.0,167,1.0,5.0,8,74
1,1,1,720x1600,166,0,4,32,4.454347296253507,6.954638864880987,1048.0,3,2.0,3.4,32,4
58,1,1,1080x2400,193,1,8,128,7.0825485693553,9.490695669041504,12399.0,2,47.0,6.67,128,74
28,1,1,720x1600,193,1,4,128,6.900730664045173,9.646270020888167,13134.0,3,17.0,6.1,128,1
28,2,0,1080x2340,68,1,8,128,6.38856140554563,7.91644286012226,2689.0,3,9.0,5.71,16,14
60,1,1,1080x2400,68,0,8,128,6.688354713946762,9.856160068128911,13134.0,1,59.5,5.8,512,2
11,1,1,1080x2340,193,0,6,64,6.376726947898627,8.461469042643875,4699.0,1,2.0,5.0,32,1
1,1,0,1080x2340,139,0,6,64,6.476972362889683,7.377133712833954,4574.0,167,4.0,5.5,16,1
27,2,0,1080x2160,63,0,6,32,5.834810737062605,8.138564737261632,3399.0,3,2.0,5.84,32,54
103,1,1,720x1560,193,0,4,32,6.838405200847344,9.856160068128911,13134.0,1,30.0,6.9,256,74
103,1,0,1440x3200,193,1,8,128,6.570882962339584,9.772239265926174,13134.0,1,16.0,6.4,512,88
8,1,0,720x1560,139,0,3,32,6.159095388491933,7.377133712833954,4574.0,167,3.0,5.3,16,14
14,1,0,720x1520,63,0,4,32,6.854354502255021,8.834482608620677,6000.0,4,11.0,6.5,128,74
60,1,1,1080x2400,68,0,8,128,6.740519359606223,9.856160068128911,13134.0,1,32.0,6.1,128,8
15,1,0,1080x1920,14,0,4,64,6.4967749901858625,8.639233817325263,5599.0,3,2.0,6.0,128,14
8,1,1,1080x2400,68,0,8,128,6.794586580876499,8.641709066113805,5528.0,1,2.0,6.2,64,20
19,1,1,1080x2400,193,1,8,128,6.779921907472252,8.101374671228582,4574.0,167,1.0,5.7,64,10
60,1,1,720x1600,166,0,4,32,6.591673732008658,9.856160068128911,13134.0,3,27.0,6.1,128,5
24,1,0,1080x2160,45,1,6,64,6.345636360828596,8.734721003944811,5990.0,2,3.0,6.5,64,74
7,1,1,1080x2280,63,1,8,64,5.318119993844216,5.631211781821365,4574.0,167,1.0,3.4,8,27
14,1,1,1080x2340,139,0,8,128,2.4849066497880004,6.54965074223381,4574.0,167,1.0,3.4,32,6
34,2,0,1080x2340,139,0,3,32,4.859812404361672,8.711443319075466,5910.0,2,20.0,6.21,64,13
39,1,1,1080x2400,193,1,8,128,6.238324625039508,8.573573524852344,4574.0,167,1.0,6.2,64,74
28,1,1,1080x2400,193,1,6,128,5.484796933490655,8.156797046675651,4574.0,167,1.0,5.2,16,1
60,1,1,1080x2400,68,1,8,128,6.994849985833071,9.856160068128911,13134.0,1,59.5,6.1,256,8
33,1,1,1080x2400,166,1,8,256,5.655991810819852,6.706862336602747,699.0,2,6.0,3.4,64,18
58,1,1,1080x2636,193,1,8,256,6.236369590203704,8.318254328798846,4574.0,167,1.0,5.15,32,54
103,1,0,720x1560,193,0,4,32,6.529418838262226,8.9595686535445,6896.0,1,3.0,5.1,32,54
33,1,1,1080x2388,166,0,8,128,3.7376696182833684,8.293799608846818,3599.0,3,2.0,5.0,32,54
39,1,1,1080x2400,193,1,8,128,5.209486152841421,8.316300249036848,4574.0,167,1.0,6.0,32,74
17,1,1,720x1560,139,0,3,32,6.1070228877422545,8.00603417874901,4574.0,167,2.0,6.55,32,88
39,1,1,1080x2400,193,1,8,128,6.75110146893676,8.454679286026995,4574.0,167,1.0,6.34,128,23
60,1,1,1080x2400,68,0,8,128,6.659293919683638,8.453401058328458,3499.0,1,6.0,4.0,16,1
24,1,0,720x1280,10,0,2,16,7.018401799069201,8.992806059426483,7499.0,1,10.0,6.6,128,12
103,2,1,720x1560,139,0,3,16,4.51085950651685,8.07775756373692,3029.0,2,8.0,5.0,16,19
16,1,1,1080x2340,193,0,6,64,6.150602768446279,8.581294116822761,4899.0,1,5.0,6.41,64,4
14,3,0,720x1280,32,0,2,16,5.777652323222656,7.497207223203318,1659.0,3,36.0,5.0,16,13
24,1,1,1080x2412,166,1,8,256,6.7661917146603505,9.305559638557117,4574.0,167,1.0,6.5,128,88
1,1,1,1080x2376,193,0,8,128,5.641907070938114,6.80128303447162,4574.0,167,1.0,3.4,64,1
58,1,1,1080x2400,166,1,8,128,6.760414691083428,8.155936337972394,3199.0,1,29.0,6.53,32,74
58,1,1,1080x2340,193,0,4,64,6.6293632534374485,8.855663430700124,6999.0,1,2.0,6.67,64,10
58,1,1,1080x2400,166,0,4,64,6.408528791059498,8.794824928014517,4574.0,167,1.0,6.3,32,88
103,1,1,1644x3840,193,1,8,256,6.678342114654332,9.856160068128911,13134.0,2,22.0,6.4,1024,88
34,1,1,720x1280,63,0,2,16,6.806829360392176,7.80994708647679,2299.0,2,15.0,6.08,16,3
60,1,1,1080x2400,68,0,6,128,7.1098794630722715,9.856160068128911,13134.0,2,59.5,6.1,128,8
33,1,1,1080x2400,166,1,8,128,6.180016653652572,5.793013608384144,299.0,1,59.5,3.4,64,18
34,1,0,1080x2340,139,1,8,128,6.638567789166521,8.474911799159631,4670.0,1,10.0,5.84,64,13
24,1,0,1242x2688,3,1,4,64,6.669498089857879,8.234299635696253,2909.0,3,38.0,5.5,32,74
103,1,1,720x1512,139,0,3,32,7.07326971745971,9.79031885443049,13134.0,1,45.0,6.4,128,88
27,2,1,1440x2880,63,1,6,256,6.07073772800249,8.254268770090183,3690.0,5,2.0,6.09,64,14
38,1,0,720x1280,11,0,3,32,5.308267697401205,8.521185212685776,4574.0,167,1.0,5.8,64,1
103,1,1,1080x2400,193,1,8,64,7.087573705557973,9.77741399528076,13134.0,1,59.5,6.5,128,36
27,1,0,1440x2560,32,1,6,64,4.897839799950911,8.511778558714738,4733.0,1,6.0,6.21,64,23
60,1,1,1080x2400,68,1,8,128,6.736966958001855,9.796848442046416,13134.0,3,24.0,6.1,64,5
14,2,1,1080x2340,139,1,8,64,5.683579767338681,5.605802066295998,227.0,2,10.0,3.4,64,18
24,1,1,1080x2400,166,0,6,128,6.240275845170769,9.59280976029003,4574.0,167,1.0,6.44,128,13
103,1,1,720x1520,139,0,4,64,7.083387847625295,8.87332798950246,6497.0,5,59.5,6.5,64,88
103,2,1,1080x2340,193,1,6,64,5.2574953720277815,9.856160068128911,13134.0,2,2.0,6.7,128,36
39,2,0,1080x2340,193,1,8,128,6.269096283706261,8.537975730598767,4399.0,2,9.0,6.4,64,88
6,2,0,720x1280,14,0,2,32,4.875197323201151,5.529429087511423,220.0,3,20.0,3.4,32,9
39,2,1,720x1560,193,0,4,32,6.289715570908998,8.537975730598767,4399.0,2,9.0,6.4,64,88
19,1,0,1080x2280,139,1,12,256,6.456769655572163,8.25582842728183,4574.0,167,1.0,5.7,64,20
7,1,1,1080x2400,193,1,8,128,6.616065185132817,6.269096283706261,501.0,1,8.0,3.4,32,9
24,1,0,720x1280,10,0,2,16,6.948897222313312,8.506334448081361,4699.0,1,27.0,6.5,128,74
60,1,1,1080x2400,68,1,8,128,7.10002716662926,9.559940347242952,11000.0,1,25.0,5.8,64,1
60,1,1,1200x2652,68,1,8,256,7.013915474810528,9.650722071987907,13134.0,1,59.5,4.7,128,2
58,1,1,1080x2400,166,0,8,64,6.48768401848461,8.106816038947052,3233.0,1,2.0,5.84,32,88
60,1,1,1080x2400,68,0,8,128,5.831882477283517,8.68084148294457,5889.0,1,2.0,5.5,64,4
6,1,1,1080x2340,193,1,8,128,5.3612921657094255,9.619000370980867,4574.0,167,1.0,5.99,64,10
58,1,1,720x1600,193,0,8,128,7.090076835776092,8.639056779173078,5399.0,1,49.0,6.53,128,10
6,2,0,720x1280,10,0,4,32,5.4116460518550396,6.733401891837359,4574.0,167,1.0,4.0,8,4
14,1,0,720x1440,63,0,2,16,6.558197802812269,8.28121766128665,3799.0,5,4.0,6.22,64,3
103,1,1,1080x2310,193,0,8,128,6.212606095751519,9.433403920090221,4574.0,167,1.0,5.8,128,14
27,2,0,480x854,2,0,1,8,5.19295685089021,8.296297112642508,4574.0,167,1.0,5.84,64,54
39,1,1,1080x2400,193,0,6,128,6.343880434126331,9.189116735524555,4574.0,167,1.0,6.4,128,88
24,1,0,1080x2220,11,0,6,32,7.037905963447182,8.688790784847216,5599.0,1,20.0,6.5,128,12
103,1,0,1242x2688,4,1,4,64,7.016609683894219,8.781094735202615,5894.0,2,59.5,6.4,128,74
27,3,0,1440x2960,45,1,4,64,4.890349128221754,7.925157512224703,4574.0,167,1.0,5.2,16,14
4,1,1,720x1520,139,0,4,32,6.650279048587422,5.749392985908253,239.0,2,25.0,3.4,64,27
14,1,1,1080x2400,166,1,8,128,6.966024187106113,9.436280010592395,12020.0,1,20.0,6.5,256,88
103,1,1,1176x2400,193,1,8,128,4.844187086458591,9.017119634313227,8107.0,1,8.0,6.4,128,88
15,1,0,720x1280,32,0,3,16,7.01301578963963,8.68710472813351,5290.0,1,11.0,6.0,128,14
6,1,0,540x960,5,0,1,16,6.866933284461882,8.440312147080279,4377.0,1,10.0,6.39,64,2
20,1,0,1080x2280,139,1,8,128,6.559615237493242,7.721791776817535,2199.0,1,4.0,5.45,32,19
103,1,1,1080x2400,193,1,6,64,7.098375638590786,9.856160068128911,13134.0,1,59.5,6.2,128,88
16,2,1,720x1600,193,0,3,64,6.2324480165505225,8.537191877922927,4999.0,2,7.0,6.3,64,7
60,1,1,1440x3200,68,1,8,128,6.7357800142423265,9.856160068128911,13134.0,1,47.0,6.5,512,4
11,1,1,1080x2340,193,0,6,64,6.113682179832232,8.682538124003075,4574.0,167,1.0,5.5,128,1
28,1,1,1080x2400,193,1,8,128,6.752270376141742,8.669227347271736,5649.0,1,3.0,6.15,128,3
13,2,1,1080x2400,68,1,6,128,4.553876891600541,6.597145701886651,647.0,2,29.0,3.4,32,6
39,1,1,720x1600,193,1,8,128,5.7745515455444085,8.56483984488359,4999.0,2,2.0,5.5,64,54
60,1,1,1080x2400,68,1,8,128,6.77078942390898,9.856160068128911,13134.0,1,33.0,6.7,512,5
13,1,1,1080x2412,166,1,8,128,6.831953565565855,6.39024066706535,542.0,3,28.0,3.4,32,2
27,2,1,1080x2240,63,1,8,64,6.645090969505644,7.823645930834952,4574.0,167,1.0,5.7,32,14
13,1,1,1080x2408,68,0,8,64,6.198478716492308,5.393627546352362,209.0,2,4.0,3.4,64,9
9,1,1,1080x2400,166,1,8,128,5.877735781779639,9.856160068128911,4574.0,167,1.0,6.5,256,88
38,2,0,1080x2160,11,0,6,32,6.577861357721047,7.8504931808711405,2389.0,3,35.0,3.4,4,7
103,1,1,1080x2400,193,1,8,64,7.076653815443951,9.031094081699155,7429.0,2,55.0,6.5,128,7
103,1,1,720x1560,139,0,3,64,4.5217885770490405,9.729015110685573,13134.0,1,8.0,5.8,128,54
27,1,0,720x1280,32,0,3,32,4.2626798770413155,9.29330189269053,10631.0,1,2.0,5.8,64,23
7,2,1,1080x2400,193,1,8,128,5.488937726156687,6.825460036255307,843.0,3,2.0,3.4,64,18
8,1,1,1080x2340,139,1,8,64,5.5254529391317835,6.212606095751519,4574.0,167,2.0,3.4,16,4
24,1,0,1080x2220,45,0,4,32,6.0867747269123065,6.690842277418564,691.0,2,32.0,3.4,32,13
9,1,1,1080x2400,68,1,8,128,6.97166860472579,9.856160068128911,13134.0,3,20.0,6.5,256,88
5,1,1,1080x2400,166,1,8,128,6.403574197934815,6.173786103901937,459.0,1,33.0,3.4,32,18
9,1,0,1080x2400,166,0,8,128,6.697034247666484,8.462103225098277,4299.0,4,40.0,6.51,64,74
58,1,1,1080x2400,166,1,8,128,6.777646593635117,7.935229539816907,2670.0,2,5.0,5.45,32,54
9,1,1,1440x3216,68,1,8,128,6.329720905522696,8.556221578383715,4574.0,167,1.0,5.2,64,3
103,1,1,1080x2400,139,0,8,64,6.535241271013659,8.681520484837913,5570.0,1,6.0,6.0,64,20
33,2,1,720x1600,193,0,4,32,6.016157159698354,6.525029657843462,599.0,5,41.0,3.4,64,14
58,1,1,720x1600,193,0,4,64,7.025538314638521,8.826294231241318,6435.0,1,31.0,6.53,128,36
11,1,1,720x1600,193,0,4,64,7.091742115095153,9.66179808393482,13134.0,1,33.0,6.24,128,1
103,1,1,720x1520,193,0,3,32,3.4339872044851463,8.611411866655219,4574.0,167,1.0,5.7,32,54
58,1,1,1080x2400,166,1,8,128,7.037027614686276,8.952217101765946,7350.0,3,16.0,6.67,128,36
39,1,1,1080x2340,139,0,6,128,6.635946555686647,8.144388865547622,3399.0,1,2.0,6.1,64,54
103,1,1,720x1520,139,0,3,32,6.811244378601294,8.970050661827003,7640.0,1,2.0,5.8,64,54
33,1,1,1080x2408,166,1,8,128,6.71174039505618,7.844632644464681,2199.0,5,42.0,5.0,8,74
60,1,1,1080x2412,68,0,8,128,6.952728644624869,9.856160068128911,13134.0,2,38.0,6.7,128,5
39,1,0,1080x2400,193,1,8,256,6.18826412308259,8.158802490694002,3199.0,1,2.0,5.7,32,54
103,1,1,1080x2400,193,1,8,128,4.976733742420574,8.493310250952906,4650.0,4,3.0,6.4,32,88
39,2,1,1080x2340,139,1,6,64,5.594711379601839,8.628734566149145,4574.0,167,1.0,5.4,32,2
5,1,0,1080x2340,63,0,6,64,6.432940092739179,7.8156105320351905,4574.0,167,1.0,6.53,32,4
39,1,0,1440x3200,166,1,16,128,6.717804695023691,9.856160068128911,13134.0,2,3.0,6.4,128,2
34,1,0,720x1480,5,0,1,16,6.744059186311348,8.232706009860976,3590.0,1,29.0,5.7,32,7
24,1,1,1080x2280,63,1,6,64,4.997212273764115,8.922391597295857,7349.0,1,3.0,5.7,64,1
11,1,1,1080x2340,193,0,8,128,6.598509028614515,9.856160068128911,13134.0,1,6.0,6.3,128,3
14,1,1,1080x2340,139,1,6,64,5.389071729816501,6.259581464064923,447.0,4,8.0,3.4,64,6
38,1,0,720x1280,32,0,2,32,6.429719478039138,8.24800570160062,3792.0,1,2.0,5.5,32,54
13,1,0,720x1440,14,0,3,32,6.9985096422506015,9.856160068128911,13134.0,1,32.0,6.78,256,2
103,1,1,1080x2400,193,1,8,128,6.248042874508429,9.584108393341092,13134.0,1,15.0,6.2,256,23
14,1,0,1080x2160,14,1,8,64,6.300785794663244,6.761572768804055,849.0,1,23.0,3.4,32,5
60,1,1,1080x2412,68,1,12,256,6.467698726104354,8.851949671253948,4550.0,1,5.0,4.7,32,3
23,1,0,1080x2340,63,1,6,128,6.29156913955832,7.750614732770409,2099.0,1,2.0,6.19,16,3
38,1,0,750x1334,1,1,2,64,6.756932389247553,7.52131798019924,1725.0,1,54.0,3.4,8,2
3,1,1,720x1600,166,0,4,64,6.525029657843462,8.639233817325263,5399.0,1,2.0,5.5,64,54
24,3,0,1200x1920,32,0,2,32,3.6375861597263857,9.023287640806327,4574.0,167,1.0,6.3,128,3
1,1,0,1440x2960,63,1,8,128,6.448889394146858,8.965334573804839,6199.0,1,7.0,5.99,64,3
1,1,1,720x1520,139,0,4,32,5.332718793265369,6.131226489483141,399.0,1,6.0,3.4,32,1
3,1,0,1080x2400,166,1,8,128,2.995732273553991,8.682538124003075,4574.0,167,1.0,5.5,64,54
38,2,0,720x1280,32,0,2,16,5.568344503761097,6.398594934535208,539.0,2,31.0,3.4,32,27
34,1,0,1080x2340,63,0,4,128,6.490723534502507,8.207401833376355,3447.0,1,26.0,5.7,32,13
28,1,1,1080x2400,68,1,8,128,5.863631175598097,8.045908742270779,2829.0,5,5.0,6.09,32,14
58,1,1,1080x2400,193,1,8,128,6.933423025730715,9.856160068128911,4574.0,167,1.0,6.67,256,36
24,1,0,720x1480,63,0,4,32,3.9512437185814275,7.1693500166706,1199.0,3,7.0,3.4,8,7
14,2,0,1440x2960,32,1,4,64,6.675823221634848,8.262816937670928,3581.0,3,35.0,6.22,128,88
23,1,1,1600x2560,68,0,8,128,4.007333185232471,8.070593539949519,4574.0,167,1.0,6.3,64,2
27,1,0,1080x1920,32,0,4,32,6.1675164908883415,8.536995818712418,4990.0,1,3.0,6.21,128,23
24,1,1,1080x2244,63,0,6,64,6.706862336602747,9.311271090554623,9610.0,1,17.0,6.3,128,2
13,1,0,720x1440,45,0,3,16,7.055312843339752,9.809176873064887,13134.0,3,29.0,6.55,256,36
14,1,1,1080x2340,139,1,6,64,5.017279836814924,5.924255797414532,369.0,2,2.0,3.4,16,6
9,2,1,1080x2412,166,0,6,64,6.285998094508865,8.131236549696116,4574.0,167,1.0,5.0,32,3
24,2,1,720x1600,193,0,4,32,6.030685260261263,8.345455428161928,3999.0,3,16.0,6.3,64,5
6,1,0,1080x2220,45,1,6,64,6.853299093186078,6.448889394146858,532.0,1,23.0,3.4,64,7
13,2,0,750x1334,1,1,4,64,5.583496308781699,5.986452005284438,353.0,2,23.0,3.4,32,27
34,1,0,720x1280,63,0,2,16,6.8001700683022,8.848939995030118,6790.0,1,20.0,5.84,128,7
27,3,0,1440x2960,45,1,6,64,4.68213122712422,7.925157512224703,4574.0,167,1.0,5.2,16,14
14,1,0,1080x2160,63,0,2,32,6.725033642166843,8.470730317005897,4499.0,4,4.0,6.5,64,74
33,1,1,720x1600,193,0,4,64,5.003946305945459,6.532334292222349,598.0,5,42.0,3.4,64,14
27,1,1,720x1440,45,0,3,16,5.713732805509369,8.67317077287059,5605.0,1,3.0,7.12,64,74
34,2,0,1080x2340,63,0,4,32,6.315358001522335,8.179199798423086,2629.0,2,47.0,5.5,16,7
7,1,1,720x1560,139,0,3,32,6.437751649736401,8.643120748014027,5290.0,1,4.0,6.4,128,13
28,1,1,1080x2400,166,1,8,128,6.673297967767654,7.9976631270201,2699.0,5,8.0,6.09,32,14
20,1,1,1080x2400,68,1,8,128,6.62273632394984,9.839215662515988,13134.0,1,2.0,6.65,128,36
103,1,1,1080x2400,139,0,8,128,6.489204931325317,9.856160068128911,13134.0,1,14.0,6.3,256,23
6,1,1,1080x2248,63,1,8,64,6.018593214496234,5.529429087511423,220.0,3,20.0,3.4,32,9
27,1,0,720x1280,32,0,2,16,6.2766434893416445,8.612321536507814,4574.0,167,2.0,6.21,128,23
13,2,0,540x960,32,0,1,8,5.459585514144159,8.852378886511985,6195.0,2,9.0,5.5,128,23
103,1,1,720x1560,193,0,6,128,4.836281906951478,9.615138591096644,4574.0,167,1.0,5.8,128,54
14,1,0,720x1520,63,0,4,16,7.00033446027523,8.797095076549056,5949.0,4,55.0,6.44,128,1
24,2,1,1080x2248,63,1,8,128,6.508769136971682,8.981932990986873,6787.0,3,10.0,6.3,128,3
17,2,0,1080x2160,63,1,6,64,4.700480365792417,7.4377951216719325,4574.0,167,1.0,5.45,8,88
19,1,1,1080x2400,193,1,8,128,6.4457198193855785,8.101374671228582,4574.0,167,1.0,5.7,64,10
28,1,1,1080x2400,68,1,8,128,6.0112671744041615,7.8961806086154915,2666.0,1,2.0,5.0,16,88
15,1,0,1440x2560,32,1,4,32,6.802394763324311,8.885855993000296,6840.0,1,11.0,6.2,128,88
2,1,1,1768x2208,166,1,12,256,6.473890696352274,7.575071699507561,4574.0,167,1.0,5.5,16,3
15,1,0,720x1280,32,0,3,32,7.042286171939743,8.562357743370612,4599.0,2,19.0,6.0,64,14
103,1,1,1080x2400,139,1,8,128,6.405228458030842,8.68777949199177,4574.0,167,1.0,5.5,32,4
14,1,1,1080x2400,166,1,8,128,5.855071922202427,9.30328411761892,10750.0,1,9.0,6.57,128,88
11,1,1,1080x2400,193,1,8,128,6.981934677156389,9.237371711027214,9499.0,1,14.0,5.5,64,4
58,1,1,1236x2676,193,1,8,128,7.104144092987527,8.457018468380168,4270.0,1,34.0,6.53,64,7
27,1,1,1080x1920,32,0,4,64,6.095824562432225,8.612321536507814,4574.0,167,2.0,6.21,128,23
16,1,1,1080x2400,166,0,8,128,6.523562306149512,8.400434630806041,4390.0,1,7.0,6.0,64,7
13,2,0,1080x2160,32,0,4,64,5.236441962829949,8.852378886511985,6195.0,2,9.0,5.5,128,23
23,1,1,1080x2408,166,1,8,128,6.828712071641684,7.985824666418917,2740.0,2,20.0,5.5,32,3
103,1,1,720x1560,139,0,3,32,5.099866427824199,9.856160068128911,13134.0,1,3.0,6.4,512,88
103,1,1,1080x2400,193,1,8,128,7.074116816197362,9.763650607348328,13134.0,1,20.0,6.5,128,36
11,1,1,720x1600,193,0,4,128,6.956545443151569,9.46568002150671,5999.0,1,8.0,6.0,64,1
60,1,1,1080x2388,166,0,8,128,6.584791392385716,9.856160068128911,13134.0,1,29.0,6.1,512,8
39,3,1,720x1600,193,0,4,32,5.159055299214529,8.515191188745565,4574.0,167,1.0,5.5,32,19
5,2,0,1080x2160,63,1,6,64,3.367295829986474,8.260492856573185,3499.0,2,4.0,6.3,128,4
15,1,0,1080x1920,11,1,4,32,6.194405391104672,8.792397742356906,4574.0,167,1.0,5.45,128,54
39,3,1,1080x2400,193,1,8,128,5.407171771460119,8.515191188745565,4574.0,167,1.0,5.5,32,19
27,2,1,720x1440,45,0,4,32,5.375278407684165,8.296297112642508,4574.0,167,1.0,5.84,64,54
34,2,0,720x1520,63,0,3,32,5.872117789475416,8.838986793496787,6730.0,2,10.0,6.21,128,13
14,1,0,720x1440,63,0,3,16,6.9975959829819265,8.60300384782935,4857.0,1,59.5,6.5,64,74
24,2,1,720x1600,193,1,4,32,3.091042453358316,8.00603417874901,2749.0,2,17.0,6.1,32,23
5,1,1,1080x2400,166,1,8,128,5.857933154483459,6.248042874508429,444.0,1,10.0,3.4,32,2
23,1,1,1080x2400,166,1,8,128,6.86171134048073,9.094255892955381,8599.0,3,13.0,6.3,128,2
38,1,0,1080x1920,32,1,4,32,6.953684210870537,7.6004023345004,4574.0,167,10.0,5.71,16,54
8,1,1,1236x2676,193,1,8,128,6.992096427415888,9.856160068128911,13134.0,2,11.0,6.59,512,7
13,1,0,1080x2160,45,1,8,64,6.92951677076365,9.577965147101168,13134.0,1,11.0,6.41,256,3
15,2,0,1080x1920,32,0,2,32,4.8283137373023015,8.570165076182343,4970.0,2,3.0,5.45,64,54
7,1,1,1080x2340,193,0,6,32,6.255750041753367,6.579251212010101,622.0,1,10.0,3.4,64,27
103,2,1,1080x2400,193,1,6,64,5.420534999272286,9.856160068128911,13134.0,2,2.0,6.7,128,36
13,2,1,1440x3200,68,1,8,128,4.465908118654584,6.270988431858299,499.0,4,6.0,3.4,64,18
58,1,0,720x1480,193,0,2,16,7.0630481633881725,9.726511682066926,13134.0,1,12.0,6.67,256,74
20,1,1,2200x2480,139,1,8,512,6.551080335043404,7.60887062919126,1839.0,1,56.0,5.45,32,19
9,1,1,1080x2400,166,0,8,128,6.22455842927536,7.635303886259415,4574.0,167,1.0,5.0,16,1
28,1,0,1080x2400,193,1,8,128,4.394449154672439,9.145481799627687,9172.0,1,3.0,6.4,128,1
27,1,0,1080x2160,45,1,8,64,4.955827057601261,8.157943507105037,3444.0,1,3.0,5.65,32,54
14,1,0,480x800,5,0,3,16,5.272999558563747,7.782807262839695,4574.0,167,4.0,5.5,16,54
38,1,0,1080x1920,3,1,6,64,6.2285110035911835,6.313548046277095,499.0,1,2.0,3.4,8,27
6,2,0,1440x2880,45,1,4,64,5.247024072160486,6.733401891837359,4574.0,167,1.0,4.0,8,4
103,1,1,720x1520,193,0,3,32,6.703188113240863,9.856160068128911,13134.0,3,9.0,6.4,128,88
33,1,1,720x1600,166,0,4,32,6.129050210060545,6.856461984594587,899.0,3,6.0,3.4,32,7
103,1,1,720x1600,139,1,4,32,4.248495242049359,8.876125585396185,6930.0,1,5.0,6.4,128,88
13,1,0,1080x2408,68,1,8,128,5.986452005284438,5.484796933490655,218.0,1,18.0,3.4,64,9
9,2,1,1080x2400,166,1,8,128,6.26530121273771,8.131236549696116,4574.0,167,1.0,5.0,32,3
103,1,1,1080x2400,193,1,8,128,6.769641976852503,9.28609698437543,8299.0,1,7.0,6.2,64,23
58,1,0,1080x2400,166,1,8,128,6.617402977974478,8.48590890137647,4690.0,1,14.0,6.53,128,10
7,2,0,1080x2340,63,1,8,512,5.68697535633982,5.883322388488279,4574.0,167,1.0,3.4,8,18
13,2,1,1080x2408,68,1,6,128,5.537334267018537,5.986452005284438,353.0,2,23.0,3.4,32,27
58,2,1,1080x2400,166,1,12,128,5.883322388488279,8.509161019718974,4690.0,2,8.0,6.53,128,10
16,1,1,1080x2312,139,0,6,128,6.950814768442584,8.09437844497296,3149.0,1,11.0,6.4,64,88
103,1,1,1080x2400,193,1,8,128,6.9363427358340495,9.856160068128911,13134.0,2,16.0,6.7,256,20
103,1,1,1080x2400,193,1,8,128,6.156978985585555,9.060679597421776,7099.0,2,4.0,6.3,128,4
23,1,1,720x1600,166,0,4,32,6.280395838960195,8.960724500330858,7599.0,1,8.0,6.22,128,5
103,1,1,1080x2400,193,1,8,64,5.981414211254481,9.739791459865339,4574.0,167,1.0,6.5,128,36
60,1,1,1080x2400,166,0,6,64,6.461468176353717,8.552753366814787,4899.0,2,4.0,4.7,16,4
38,1,0,720x1440,14,0,4,16,3.044522437723423,8.568836424568076,4574.0,167,1.0,5.5,64,54
38,1,0,480x854,5,0,1,8,5.5134287461649825,6.553933404025811,640.0,1,36.0,3.4,32,27
8,1,1,1080x2340,139,0,6,64,6.333279628139691,7.1308988302963465,1215.0,1,18.0,4.5,8,7
58,1,1,720x1600,166,0,4,64,6.815639990074331,8.568076401730806,4999.0,1,8.0,6.3,128,88
103,2,1,1080x2400,193,1,6,128,6.023447592961033,9.838362192575666,4574.0,167,1.0,6.4,512,88
24,1,1,1080x2400,166,1,8,128,6.804614520062624,9.601368432286577,13134.0,1,7.0,6.44,256,13
27,2,0,720x1440,45,0,3,32,6.063785208687608,8.254268770090183,3690.0,5,2.0,6.09,64,14
58,1,1,1080x2400,166,1,8,128,7.027314514039777,7.940583827104244,2730.0,2,2.0,5.5,64,10
39,3,1,1080x2400,193,1,8,128,5.3471075307174685,8.515191188745565,4574.0,167,1.0,5.5,32,19
38,2,1,1080x2160,11,1,4,64,6.580639137284949,7.8504931808711405,2389.0,3,35.0,3.4,4,7
24,2,1,720x1600,193,0,6,64,3.332204510175204,8.00603417874901,2749.0,2,17.0,6.1,32,23
28,1,1,1080x2340,193,1,6,128,6.983789965258135,9.729015110685573,13134.0,1,19.0,6.47,128,13
39,1,1,1080x2400,193,1,8,128,6.274762021241939,9.019300924562506,7999.0,1,3.0,6.5,128,88
19,2,0,1440x3040,139,1,12,256,3.295836866004329,8.988321188323683,4574.0,167,1.0,5.7,128,20
14,3,1,1080x2310,139,0,4,64,5.093750200806762,5.937536205082426,4574.0,167,1.0,3.4,32,6
7,1,1,720x1600,193,0,4,64,6.3561076606958915,8.410498452745275,4574.0,167,1.0,6.5,128,13
33,1,1,720x1600,193,0,6,64,6.805722553416985,8.836809882398365,5999.0,1,27.0,5.7,64,1
60,1,1,1440x3200,68,1,8,128,7.00397413672268,9.856160068128911,13134.0,1,59.5,6.5,64,4
58,1,1,1080x2400,166,1,8,64,6.660575149839686,7.940583827104244,2730.0,2,2.0,5.5,64,10
23,2,1,1080x2408,166,0,8,128,5.6937321388027,8.239857411018601,3549.0,2,7.0,5.2,32,13
58,1,1,1080x2400,166,1,8,128,6.040254711277414,8.51919119407891,4873.0,2,2.0,6.26,64,88
5,1,1,720x1520,139,0,3,32,6.784457062637643,8.515992470839718,4940.0,1,4.0,6.3,128,74
58,1,1,1080x2400,166,1,8,128,6.852242569051878,8.886132618174951,6930.0,5,16.0,6.18,128,88
28,1,1,1080x2400,166,0,6,64,6.8679744089702925,7.862497197230545,2399.0,3,10.0,5.45,32,14
39,1,0,1080x2400,193,1,8,128,5.953243334287785,8.786456678344,5490.0,1,2.0,5.9,64,10
1,1,1,1080x2400,166,1,8,128,5.676753802268282,5.517452896464707,4574.0,167,1.0,3.4,32,9
34,1,1,1440x3120,139,1,8,128,6.648984550024776,7.86172707782398,2149.0,1,54.0,5.5,16,7
24,1,0,1125x2436,3,1,4,64,6.917705609835305,8.35490952835879,3395.0,1,28.0,5.5,64,74
20,1,0,1440x3040,139,1,8,128,6.270988431858299,7.79770203551669,2199.0,2,8.0,5.45,32,19
16,1,1,1080x2400,166,1,12,256,2.1972245773362196,8.132706489693264,3299.0,1,2.0,5.5,64,74
39,2,1,1080x2400,193,1,8,128,6.230481447578482,9.366489054466115,11490.0,2,2.0,6.4,128,4
58,1,1,900x1600,193,0,6,128,6.745236349484363,7.946617563244473,2775.0,1,4.0,5.0,64,10
60,1,1,720x1612,68,0,8,128,6.894670039433482,9.856160068128911,13134.0,2,40.0,6.1,64,8
6,2,1,1080x2408,166,0,8,128,4.499809670330265,7.740229524763182,4574.0,167,5.0,5.5,16,54
34,2,0,720x1520,63,0,4,32,5.921578419643816,8.838986793496787,6730.0,2,10.0,6.21,128,13
9,1,1,1080x2400,166,0,8,64,6.35088571671474,8.37930948405285,4145.0,4,6.0,6.35,64,74
58,1,1,1080x2400,166,1,8,64,6.851184927493743,7.891704659330107,2560.0,1,4.0,5.5,32,10
17,1,1,1080x2400,166,1,8,128,6.683360945766275,8.068716192714781,2899.0,5,34.0,6.52,64,74
6,1,1,720x1600,166,0,4,64,6.7226297948554485,9.330609204367127,9999.0,1,7.0,5.99,64,10
24,1,0,1080x2160,45,1,4,64,5.796057750765372,8.661639795781266,4574.0,167,1.0,6.5,64,12
24,1,0,1080x2160,45,1,6,128,6.905753276311464,8.174702882469461,2770.0,5,35.0,5.0,32,88
28,1,1,720x1600,193,0,4,64,6.945051063725834,8.577535420422398,4787.0,1,39.0,6.67,128,74
58,1,0,720x1440,63,0,3,32,5.0106352940962555,9.625689802158323,13134.0,1,2.0,6.39,128,88
16,2,1,720x1440,193,0,2,32,5.66988092298052,8.524962928680598,4880.0,3,6.0,6.41,64,4
103,1,0,1440x3200,193,1,8,128,7.044032897274685,9.856160068128911,13134.0,1,33.0,6.9,256,36
5,2,1,1080x2280,63,0,4,32,3.1354942159291497,8.260492856573185,3499.0,2,4.0,6.3,128,4
20,2,1,1080x2340,139,0,4,32,6.035481432524756,7.489412083508719,1678.0,3,42.0,6.0,32,19
7,1,0,1080x2220,45,1,4,64,6.251903883165888,5.365976015021851,199.0,2,2.0,3.4,8,9
38,1,0,720x1440,45,0,3,16,6.439350371100098,8.735846677457582,4574.0,167,1.0,5.3,64,1
60,1,1,1080x2408,68,0,6,64,7.107425474110705,9.856160068128911,13134.0,1,59.5,6.1,64,5
38,1,0,720x1280,10,0,2,16,6.327936783729195,8.075893630298857,2989.0,5,27.0,3.4,4,4
14,3,1,1080x1920,5,0,4,32,5.659482215759621,7.497207223203318,1659.0,3,36.0,5.0,16,13
8,1,0,720x1600,166,1,8,64,6.484635235635252,6.776506992372183,720.0,1,51.0,3.4,32,13
34,1,0,720x1520,139,0,3,64,6.822197390620491,8.936955604225226,7380.0,5,21.0,5.84,128,7
60,1,1,720x1600,3,0,4,64,7.088408778675395,9.856160068128911,13134.0,1,59.5,6.1,256,8
33,1,1,1080x2400,166,0,8,64,5.627621113690637,7.247792581767846,1230.0,2,43.0,3.4,64,19
8,1,1,1080x2408,166,0,6,128,6.887552571664617,9.856160068128911,13134.0,1,23.0,6.67,256,74
60,1,1,1080x2400,68,1,8,128,6.272877006546167,9.856160068128911,13134.0,2,28.0,6.5,64,4
5,1,0,720x1480,45,0,4,32,6.037870919922137,8.109826276018477,3149.0,1,2.0,6.3,64,4
24,1,1,720x1600,166,1,8,128,4.430816798843313,7.436617265234227,1594.0,1,3.0,5.5,8,54
13,1,0,720x1280,32,0,2,16,5.455321115357702,8.9001399880938,4574.0,167,1.0,5.5,64,20
28,1,1,1080x2400,193,1,8,128,6.715383386334681,8.357493812658563,3845.0,2,11.0,6.21,64,23
33,1,1,1080x2400,166,1,8,128,5.5093883366279774,8.90910013492555,4574.0,167,1.0,5.5,32,2
9,1,0,1080x2340,68,1,8,128,6.375024819828097,8.407601514786142,4399.0,4,7.0,6.47,64,74
103,1,1,1200x1920,139,0,4,32,7.059617628291383,9.856160068128911,13134.0,2,22.0,6.8,256,74
58,1,1,1440x3200,166,1,6,128,6.647688373563329,8.549466751966532,4999.0,1,2.0,6.3,64,88
6,2,1,1080x2400,166,1,8,128,3.6888794541139363,7.740229524763182,4574.0,167,5.0,5.5,16,54
39,1,1,1080x2400,193,1,8,128,5.313205979041787,7.859413154693583,4574.0,167,1.0,5.7,16,88
3,1,1,1080x2244,139,1,6,64,6.988413181999592,7.305188215393037,1330.0,1,52.0,3.4,64,7
13,2,1,1080x2400,68,1,8,128,3.6109179126442243,6.270988431858299,499.0,4,6.0,3.4,64,18
58,2,1,1440x3200,166,1,8,256,5.58724865840025,7.983098940710892,4574.0,167,1.0,5.5,64,10
15,1,1,1080x2400,193,1,8,64,6.1779441140506,8.223090551161533,3549.0,1,9.0,5.7,64,14
14,2,1,1080x1920,10,1,4,32,6.267200548541362,6.484635235635252,649.0,3,26.0,3.4,32,5
103,1,0,750x1334,4,1,3,64,5.438079308923196,9.505692950732183,12592.0,1,9.0,6.2,128,23
19,2,1,1080x2400,193,1,8,128,5.41610040220442,8.340217320947035,4574.0,167,1.0,5.2,32,6
27,2,1,1080x2280,63,1,8,64,5.8888779583328805,8.138564737261632,3399.0,3,2.0,5.84,32,54
33,1,1,1080x2400,166,1,8,128,5.75890177387728,5.739792912179234,279.0,1,52.0,3.4,64,18
7,1,1,720x1520,139,0,3,64,3.871201010907891,5.814130531825066,289.0,1,16.0,3.4,64,9
2,1,1,1080x2400,193,1,8,64,4.442651256490317,7.8628820346414905,4574.0,167,1.0,5.5,16,36
103,1,0,828x1792,4,1,4,64,7.067319848653476,8.808817483100642,5699.0,3,19.0,6.1,64,23
23,1,1,1080x2400,166,1,8,128,6.322565239927284,8.185907481482324,3269.0,1,10.0,5.45,64,3
60,1,1,720x1600,166,0,4,32,6.747586526829315,9.856160068128911,13134.0,1,41.0,6.1,256,5
20,1,1,1080x2248,139,1,6,64,6.885509670034818,7.859413154693583,2399.0,3,34.0,6.1,32,10
103,1,1,1440x3120,193,1,12,256,4.624972813284271,8.889170455363413,6799.0,3,5.0,6.0,32,23
58,1,0,720x1560,139,0,3,32,3.7612001156935624,9.642057851228413,13134.0,1,11.0,6.39,128,88
11,1,1,1080x2400,166,1,8,128,7.109062135687172,9.401456476451633,11740.0,1,37.0,5.81,128,1
14,1,0,1080x2160,45,1,6,64,6.104793232414985,5.991464547107982,375.0,2,19.0,3.4,16,2
28,1,1,1344x2772,193,1,8,128,6.966967138613983,8.823058934301647,5998.0,5,43.0,6.4,128,88
103,1,1,1080x2400,193,1,8,64,6.889591308354466,9.856160068128911,13134.0,1,56.0,6.5,256,36
24,1,0,720x1280,14,0,3,16,4.634728988229636,8.863332833439587,4574.0,167,1.0,6.3,128,1
6,1,1,1080x2400,166,1,8,128,6.210600077024653,8.08487062913819,3230.0,1,2.0,5.7,64,54
28,1,1,720x1560,193,0,3,32,6.606650186198215,9.856160068128911,13134.0,1,6.0,3.4,512,36
33,1,1,1080x2408,166,1,8,128,6.393590753950631,6.9726062513017535,1060.0,1,6.0,3.4,64,1
15,1,1,1080x2340,139,0,4,64,6.478509642208569,8.0959035329611,3199.0,1,2.0,5.5,16,88
19,1,1,720x1600,139,1,4,32,6.7464121285733745,8.650499558724462,5566.0,1,3.0,6.1,64,54
27,1,0,720x1480,45,0,4,32,6.954638864880987,8.630343289348893,4999.0,1,3.0,6.59,128,88
103,1,1,720x1600,139,0,6,64,6.684611727667927,9.856160068128911,13134.0,2,20.0,6.9,512,36
19,1,1,1080x2340,139,1,8,128,6.80903930604298,9.023890304598448,4574.0,167,1.0,6.1,128,23
103,2,1,720x1600,139,0,4,128,5.552959584921617,8.318742252692399,4574.0,167,1.0,6.22,32,23
103,1,1,1200x2640,193,1,8,128,7.069023426578259,9.856160068128911,13134.0,1,25.0,6.2,128,88
60,1,1,1080x2400,166,0,8,128,7.094234845924755,9.856160068128911,13134.0,1,59.5,6.1,64,8
9,1,0,1080x2340,68,1,8,128,6.93537044601511,9.801620926132557,13134.0,3,21.0,6.5,128,1
1,1,1,720x1600,193,0,4,64,6.1224928095143865,6.480044561926653,600.0,1,2.0,3.4,32,27
9,1,1,1080x2400,166,0,8,64,6.6052979209482015,8.516793111394898,4997.0,4,2.0,6.53,128,74
103,1,1,1080x2340,139,0,4,128,6.54534966033442,9.856160068128911,13134.0,1,13.0,6.7,256,20
38,1,0,720x1280,5,0,2,16,5.934894195619588,6.161207321695077,450.0,2,2.0,3.4,8,27
103,1,1,1080x2340,193,1,8,128,7.00669522683704,9.856160068128911,13134.0,1,28.0,6.8,128,74
17,1,1,720x1520,139,0,3,32,6.775366090936392,8.308199063206446,3949.0,4,6.0,6.6,64,74
11,1,1,1080x2400,193,1,8,128,6.970730078143525,9.751908563076688,13134.0,1,21.0,5.7,64,1
39,2,1,1080x2400,193,1,8,128,6.073044534100405,8.18004072349016,3549.0,3,2.0,5.2,32,54
33,1,0,1080x2400,68,1,8,128,6.246106765481563,7.095064377287131,959.0,1,39.0,3.4,64,4
27,3,1,1080x2160,10,0,6,64,5.062595033026967,7.925157512224703,4574.0,167,1.0,5.2,16,14
24,1,1,1080x2160,45,0,4,32,6.951772164398911,8.575273402492762,4574.0,167,1.0,6.5,64,12
4,1,1,1080x2340,139,1,8,64,6.218600119691729,6.300785794663244,497.0,1,19.0,3.4,32,6
58,1,1,1080x2400,166,1,8,128,6.391917113392602,7.765569081097317,2353.0,2,2.0,5.0,16,10
7,1,1,1080x2400,193,1,8,128,6.025865973825314,6.616065185132817,699.0,1,13.0,3.4,64,27
103,1,1,720x1600,139,0,3,32,5.288267030694535,9.856160068128911,13134.0,1,13.0,6.1,512,23
103,1,1,720x1600,193,0,4,64,7.01571242048723,9.856160068128911,13134.0,2,59.5,6.9,128,74
27,2,0,3840x2160,45,1,6,64,6.542471960506805,8.639764743804419,5605.0,3,2.0,7.12,64,74
58,1,0,720x1480,166,0,4,64,6.075346031088684,8.085794701281568,4574.0,167,1.0,5.45,16,88
103,2,1,1080x2400,193,1,8,128,5.598421958998375,8.318742252692399,4574.0,167,1.0,6.22,32,23
60,1,1,2200x2480,3,1,8,256,6.3784261836515865,8.358431899031295,4230.0,2,3.0,4.7,16,3
24,1,0,720x1520,63,0,4,32,6.6039438246004725,8.119993827725105,3174.0,5,11.0,6.5,32,74
7,2,0,720x1280,45,0,2,16,5.811140992976701,5.883322388488279,4574.0,167,1.0,3.4,8,18
15,2,0,1080x1920,3,0,4,64,4.7535901911063645,8.570165076182343,4970.0,2,3.0,5.45,64,54
7,1,1,1080x2244,139,1,8,128,6.395261598115449,6.484635235635252,532.0,2,28.0,3.4,16,4
33,2,0,1440x3120,68,1,12,128,5.666426688112432,7.6251071482389,1999.0,4,2.0,3.4,32,36
11,1,1,1080x2400,193,1,8,128,6.569481420414296,9.51044496442652,4574.0,167,1.0,5.5,128,4
23,1,1,720x1600,193,0,2,32,6.8658910748834385,8.459987717645458,3799.0,3,24.0,6.3,128,7
20,1,1,1080x2340,139,1,8,64,6.398594934535208,7.6004023345004,4574.0,167,1.0,5.45,16,19
6,1,1,1080x2400,193,1,8,64,6.594413459749778,8.239065331769268,3639.0,1,2.0,5.99,64,2
103,1,1,1080x2400,139,0,8,64,4.962844630259907,8.785998208098329,4574.0,167,1.0,6.0,64,23
17,2,0,1080x2246,63,1,6,64,5.075173815233827,7.4377951216719325,4574.0,167,1.0,5.45,8,88
38,1,0,540x960,14,0,2,16,6.682108597449809,8.284504227258497,3885.0,1,4.0,5.5,64,54
58,1,1,1080x2400,166,1,8,128,7.036148493750536,8.791181936736017,6232.0,1,16.0,6.67,128,10
24,2,1,1080x2280,63,0,6,32,6.511745329644728,8.981932990986873,6787.0,3,10.0,6.3,128,3
24,3,0,720x1280,10,0,3,16,4.477336814478207,9.023287640806327,4574.0,167,1.0,6.3,128,3
7,2,1,1080x2400,193,1,8,128,5.476463551931511,6.825460036255307,843.0,3,2.0,3.4,64,18
39,2,1,1080x2340,139,1,6,128,5.54907608489522,8.628734566149145,4574.0,167,1.0,5.4,32,2
20,1,0,1440x3040,139,1,8,128,6.661854740545311,7.6004023345004,4574.0,167,1.0,5.45,16,19
24,1,1,1080x2400,193,1,8,128,5.14166355650266,8.374476889214643,4118.0,1,12.0,6.3,64,5
38,1,0,1080x1920,14,0,4,32,6.139884552226255,7.050122520269059,975.0,1,20.0,3.4,8,6
6,1,0,720x1280,45,0,2,16,4.143134726391533,5.730099782973574,289.0,1,19.0,3.4,32,27
2,1,1,720x1440,63,0,4,32,5.71042701737487,7.695757990554761,4574.0,167,1.0,5.0,16,10
6,1,0,540x960,5,0,1,8,6.680854678790215,8.674367865788236,5699.0,1,10.0,5.99,32,2
38,1,0,3840x2160,14,1,4,64,2.8903717578961645,6.368187186350492,528.0,2,28.0,3.4,8,27
58,1,1,1536x2152,139,1,12,512,6.587550014824796,9.81569405158546,13134.0,3,4.0,6.67,256,2
14,2,0,720x1280,45,1,4,32,6.672032945461067,8.262816937670928,3581.0,3,35.0,6.22,128,88
34,1,0,720x1280,10,0,3,16,6.934397209928558,7.9483852851118995,2695.0,1,8.0,6.08,64,3
13,1,0,720x1440,45,0,3,16,7.053585727193677,9.731809155840653,13134.0,1,35.0,6.55,128,36
33,1,1,1080x2340,139,1,6,64,5.298317366548036,6.46302945692067,588.0,2,39.0,3.4,64,18
20,1,0,1080x2340,139,1,6,128,6.846943139585379,8.2482674474469,3577.0,1,43.0,6.82,64,74
19,2,1,720x1520,139,0,3,32,6.401917196727186,8.318498320504338,4574.0,167,1.0,5.7,64,20
103,2,1,1644x3840,193,1,12,512,5.998936561946683,9.838362192575666,4574.0,167,1.0,6.4,512,88
7,1,0,720x1520,193,0,3,32,5.976350909297934,5.976350909297934,355.0,1,17.0,3.4,64,6
1,1,1,720x1440,193,0,2,32,6.82001636467413,8.643649615368796,5499.0,1,2.0,4.5,32,1
5,1,1,1080x2400,166,0,8,128,6.60934924316738,7.221105098182496,1269.0,1,30.0,3.4,32,14
38,1,0,1125x2436,1,1,3,64,6.78332520060396,7.835974581721566,2395.0,1,26.0,3.4,4,7
3,1,1,1080x2376,166,1,8,128,6.361302477572996,9.856160068128911,13134.0,3,10.0,6.8,256,74
34,1,0,720x1520,63,0,4,32,6.692083742506628,8.12740456269308,3190.0,1,23.0,6.88,16,13
19,2,1,1080x2400,193,1,8,128,5.25227342804663,8.340217320947035,4574.0,167,1.0,5.2,32,6
19,1,1,1080x2340,139,0,4,64,6.565264970035361,8.227375506834035,4574.0,167,1.0,5.7,32,20
60,1,1,720x1600,166,0,8,128,6.826545223556594,8.685584842676693,4394.0,1,7.0,4.7,32,4
24,1,0,1080x2220,11,0,4,32,4.919980925828125,8.46821300919452,4532.0,2,2.0,6.5,64,74
17,1,1,1080x2400,166,1,8,128,6.729824070489475,7.926241523170962,2497.0,3,38.0,6.52,32,74
7,1,1,1440x3120,139,1,8,256,5.966146739123692,6.470799503782602,552.0,2,30.0,3.4,16,4
103,2,0,1080x2520,139,1,6,128,5.60947179518496,8.754634047431272,4574.0,167,1.0,6.4,64,88
33,1,1,720x1600,166,0,6,64,6.369900982828227,6.778784897685177,752.0,2,41.0,3.4,64,18
15,1,1,1200x2000,193,0,8,64,4.77912349311153,8.190908881182514,3325.0,3,13.0,6.5,32,88
103,1,1,1080x2340,193,1,8,128,6.982862751468942,8.236420527265391,3599.0,3,25.0,6.5,32,74
33,1,1,1080x2408,166,0,4,128,5.768320995793772,6.70808408385307,699.0,2,35.0,3.4,64,10
39,1,1,1080x2340,139,1,8,64,7.05617528410041,8.80941494391005,6375.0,4,46.0,6.81,128,74
6,1,1,1080x2400,166,1,8,128,6.373319789577012,8.283241441385425,3799.0,1,5.0,6.2,64,23
19,1,1,1080x2412,166,0,6,64,7.003065458786462,9.259035293514941,9999.0,1,2.0,6.4,256,88
17,1,1,1080x2340,139,0,8,128,5.529429087511423,8.366137716496281,4574.0,167,3.0,6.6,128,74
103,1,0,1440x3200,193,1,8,128,7.074963197966044,9.341807134718488,9756.0,2,59.5,6.7,128,36
14,1,1,1236x2676,193,1,8,128,6.927557906278317,9.639587108749145,13134.0,1,54.0,6.5,256,88
34,1,0,720x1280,5,0,1,8,6.278521424165844,8.72029728739272,5899.0,2,18.0,6.21,128,13
33,1,0,1080x2400,166,1,8,128,6.184148890937483,9.142917695658749,8070.0,1,23.0,5.5,128,2
58,1,1,720x1600,193,0,4,32,6.755768921984255,8.35819745992578,3458.0,1,4.0,5.9,64,88
103,1,0,1080x2400,193,1,8,128,7.106606137727303,9.171599543659752,8555.0,1,55.0,6.7,128,1
33,1,1,1080x2340,139,0,6,64,6.928537818164665,6.895682697747868,911.0,3,22.0,3.4,64,27
24,1,1,1080x2340,139,0,6,64,6.6240652277998935,8.024534871605695,2999.0,1,5.0,6.5,32,74
39,1,1,1080x2400,193,0,8,64,3.828641396489095,8.56483984488359,4999.0,2,2.0,5.5,64,54
3,2,1,720x1600,166,0,6,64,5.62040086571715,5.991464547107982,299.0,2,20.0,3.4,32,4
58,1,1,720x1600,193,0,4,32,5.971261839790462,8.51919119407891,4873.0,2,2.0,6.26,64,88
23,2,1,720x1600,166,0,6,64,3.4011973816621555,7.575071699507561,1775.0,2,11.0,6.1,16,23
103,2,1,1080x2312,139,0,6,128,5.214935757608986,9.804440398934894,13134.0,2,6.0,6.3,128,20
15,1,0,1080x1920,3,0,4,64,6.028278520230698,8.580731212220226,4574.0,167,1.0,5.95,64,23
17,1,1,720x1600,193,0,4,32,6.677083461247136,7.396948602621014,1479.0,1,25.0,5.5,16,1
6,1,0,720x1520,63,0,4,32,6.556778356158042,8.83927669058535,6628.0,1,14.0,5.99,64,2
58,1,1,1080x2400,166,0,6,128,7.02108396428914,8.146419323098003,2999.0,1,5.0,5.99,64,88
24,1,1,720x1600,193,0,4,64,5.1647859739235145,7.672292455628756,1877.0,1,23.0,5.5,16,6
14,1,0,720x1280,14,0,3,16,5.262690188904886,6.483107351457199,647.0,3,27.0,3.4,32,5
13,1,1,1312x2848,68,1,12,512,2.302585092994046,5.978885764901122,349.0,2,4.0,3.4,64,27
103,1,1,1440x3120,193,1,8,256,7.097548850614793,9.249849505070895,9396.0,2,59.5,6.7,128,36
14,1,0,720x1440,63,0,3,32,6.431331081933479,5.616771097666572,265.0,1,19.0,3.4,8,27
103,1,1,1080x2520,193,1,4,64,6.813444599510896,9.856160068128911,13134.0,1,26.0,6.4,512,88
103,1,1,1080x2340,139,1,4,32,5.717027701406222,9.856160068128911,13134.0,1,10.0,7.3,512,1
28,1,1,1440x3216,68,1,8,256,6.990256500493881,8.245909264774093,3330.0,1,44.0,6.3,64,74
24,3,1,1080x2160,45,1,6,64,4.574710978503383,9.023287640806327,4574.0,167,1.0,6.3,128,3
28,1,0,1170x2532,4,1,6,128,6.98100574072173,8.514990767861038,4299.0,2,18.0,6.59,64,88
16,1,1,1080x2340,139,0,6,64,6.413458957167357,7.664815785285735,2049.0,2,3.0,6.49,16,88
23,1,1,1200x2652,166,1,8,256,6.171700597410915,7.584264818389059,1779.0,2,4.0,6.1,16,23
34,1,1,720x1560,139,0,3,32,4.343805421853684,8.94715577112479,7599.0,1,3.0,5.84,128,7
58,1,1,1080x2340,193,1,8,128,5.973809611869261,8.291295851905407,4574.0,167,1.0,6.44,64,1
24,1,0,720x1280,10,0,3,16,6.859614903654202,8.712430973476739,5749.0,1,5.0,6.5,128,12
60,1,1,1080x2400,68,0,8,128,6.974478911025045,9.856160068128911,13134.0,1,59.5,6.5,512,4
16,1,0,1284x2778,4,1,6,128,6.590301048196686,8.054840221101024,2999.0,3,3.0,5.5,32,3
13,1,0,1080x2520,193,1,8,128,7.011213987350367,9.398395460617898,11149.0,1,19.0,6.44,128,1
33,1,1,1080x2400,166,1,8,128,6.699500340161678,8.43511508038063,4399.0,1,8.0,5.45,32,74
2,1,1,1080x2400,193,1,6,64,6.68586094706836,7.932362154339751,2644.0,1,4.0,6.0,64,13
24,1,0,1080x2340,63,1,8,64,5.978885764901122,8.056743774975313,2493.0,2,29.0,5.5,32,74
19,2,1,720x1520,139,0,3,32,6.39024066706535,8.318498320504338,4574.0,167,1.0,5.7,64,20
2,1,1,720x1600,193,0,2,32,0.0,5.700443573390687,4574.0,167,1.0,3.4,64,18
20,1,0,1644x3840,139,1,6,64,6.976348070447749,8.056426767522984,3069.0,1,53.0,6.08,64,88
16,1,0,1080x2340,4,1,4,128,6.876264611890766,8.246171559857563,3719.0,2,14.0,5.5,64,3
16,1,1,1080x2400,166,1,8,128,6.837332814685591,9.208438564686587,9072.0,1,21.0,6.53,128,3
28,1,1,1080x2400,166,1,8,256,5.605802066295998,8.165079258805068,3299.0,2,5.0,6.09,32,14
14,1,0,720x1280,32,0,2,16,6.444131256700441,8.0861025356691,2889.0,5,38.0,6.22,32,88
23,1,0,1080x2400,166,1,8,128,6.586171654854675,7.519692404116539,1333.0,2,7.0,6.1,16,23
60,1,0,1080x2400,68,1,6,128,7.095893221097532,9.856160068128911,13134.0,1,59.5,5.8,64,3
24,1,0,720x1520,63,0,4,32,7.050122520269059,8.245909264774093,3547.0,1,17.0,6.5,64,74
20,1,1,1080x2340,139,1,6,64,6.100318952020064,7.611347717403621,1839.0,1,47.0,5.45,32,19
6,1,1,1080x2400,166,1,6,64,6.133398042996649,6.212606095751519,4574.0,167,4.0,3.4,64,27
58,1,1,1080x2460,166,1,16,256,6.874198495453294,8.615045591583742,5260.0,2,7.0,6.3,128,88
103,1,1,720x1560,139,0,3,64,6.88653164253051,9.856160068128911,13134.0,1,32.0,6.7,128,2
14,1,0,1080x1920,14,1,6,64,6.163314804034641,6.802394763324311,899.0,1,25.0,3.4,32,5
17,1,1,1080x2400,193,0,4,128,6.148468295917647,7.501082124259871,1629.0,3,39.0,5.7,16,23
103,1,1,1080x2340,139,1,8,64,6.9782137426306985,7.759614150696903,2098.0,1,50.0,5.3,16,54
4,1,0,1080x2340,139,1,8,128,6.807934943699926,6.322565239927284,497.0,3,55.0,3.4,32,88
103,2,1,1080x2340,139,1,6,64,5.402677381872279,9.101083386039234,8230.0,3,11.0,6.7,128,36
24,1,0,720x1560,139,0,2,32,6.841615476477592,8.100464891029363,3174.0,5,10.0,6.5,32,74
103,2,1,1080x2400,139,1,8,128,5.153291594497779,9.101083386039234,8230.0,3,11.0,6.7,128,36
103,1,0,720x1520,193,0,2,16,6.342121418721152,9.856160068128911,13134.0,1,5.0,6.3,256,23
60,2,0,1080x2408,68,1,8,128,6.4425401664681985,9.856160068128911,13134.0,2,37.0,6.5,64,4
20,1,0,1440x3040,139,1,8,256,6.9874902470009905,8.331345424845724,3745.0,1,48.0,6.49,128,74
33,1,1,1080x2400,193,1,6,64,6.293419278846481,6.703188113240863,699.0,2,42.0,3.4,64,10
13,1,1,1080x2412,166,0,8,128,5.942799375126701,6.976348070447749,999.0,1,2.0,3.4,64,7
58,1,1,1080x2400,193,1,6,64,7.049254841255837,9.665674427237482,13134.0,1,17.0,6.67,128,74
9,1,1,1080x2376,68,1,8,128,7.04141166379481,9.29532469588118,10319.0,1,15.0,6.0,128,4
23,2,1,1080x2400,166,1,8,128,5.817111159963204,8.239857411018601,3549.0,2,7.0,5.2,32,13
19,1,0,1440x3040,139,1,12,256,6.61338421837956,8.242493153187626,4574.0,167,1.0,5.7,64,20
39,1,0,720x1520,193,0,3,32,5.8289456176102075,8.267448958304849,4574.0,167,1.0,5.3,32,1
17,1,1,720x1600,166,0,6,64,6.059123195581797,6.284134161070802,449.0,2,30.0,3.4,64,7
103,1,1,1080x2400,193,1,6,64,6.612041034833092,9.202610573914242,9250.0,1,3.0,6.3,64,20
103,1,1,720x1600,193,0,4,64,6.910750787961936,9.856160068128911,4574.0,167,1.0,6.2,128,88
60,1,1,1080x2404,166,1,8,128,7.005789019253503,9.856160068128911,13134.0,1,59.5,6.7,512,5
38,1,0,720x1280,32,0,2,16,6.690842277418564,6.284134161070802,449.0,1,31.0,3.4,32,27
20,1,0,720x1520,139,0,4,32,6.85751406254539,8.304247465078474,3755.0,1,45.0,6.82,128,74
7,1,1,1080x2340,139,0,4,64,4.820281565605037,7.824046010856292,2399.0,1,5.0,5.0,16,7
38,1,0,1080x1920,45,1,4,32,5.733341276897746,8.761080103868347,5265.0,2,3.0,5.5,64,54
28,1,1,1080x2400,166,0,8,64,6.309918278226516,8.216628493133443,3499.0,1,3.0,6.26,32,88
8,1,1,1080x2244,139,1,8,128,5.814130531825066,6.302618975744905,507.0,1,24.0,3.4,16,54
34,2,0,720x1520,63,0,3,16,5.805134968916488,9.216719978940223,9760.0,2,14.0,6.3,128,3
60,1,1,1080x2400,68,1,8,128,6.1092475827643655,9.686822967319628,13134.0,1,15.0,4.7,256,2
6,1,0,720x1480,45,0,4,32,0.6931471805599453,8.63550941823428,5297.0,1,11.0,5.7,128,7
1,1,0,720x1480,193,0,2,16,5.429345628954441,7.909856667269403,2249.0,2,7.0,5.7,32,7
2,1,1,720x1600,193,0,4,64,5.968707559985366,7.4949862339505335,4574.0,167,1.0,5.5,16,88
27,1,0,1080x1920,32,0,3,32,6.541029999189903,8.160232492367689,4574.0,167,1.0,5.2,64,54
5,1,1,1080x2408,68,0,8,128,6.3835066348840055,7.240649694255466,1325.0,1,21.0,3.4,32,2
20,1,1,1080x2340,139,1,8,256,6.428105272684596,7.607878073278507,1839.0,4,43.0,5.45,32,19
24,2,1,1080x2400,193,1,8,128,6.0063531596017325,8.345455428161928,3999.0,3,16.0,6.3,64,5
103,2,1,1080x2340,193,1,8,128,4.605170185988092,8.07775756373692,3029.0,2,8.0,5.0,16,19
24,1,0,828x1792,3,1,3,64,6.495265555937008,7.932362154339751,2175.0,1,38.0,5.0,16,88
14,1,1,720x1520,139,1,4,64,5.424950017481403,6.1675164908883415,430.0,2,13.0,3.4,64,27
14,1,0,720x1440,45,0,3,16,6.799055862058796,8.405367376233981,3999.0,4,18.0,6.5,64,3
103,1,1,1080x2340,193,1,8,128,6.152732694704104,9.582041849931539,12870.0,1,2.0,6.2,128,23
7,1,0,720x1600,166,0,2,32,5.752572638825633,8.35819745992578,4160.0,1,4.0,6.3,128,88
60,2,1,1916x2160,68,1,12,256,6.436150368369428,9.856160068128911,13134.0,2,37.0,6.5,64,4
17,1,1,1080x2400,166,1,8,128,4.04305126783455,8.00603417874901,4574.0,167,3.0,6.52,32,88
34,1,1,1080x2340,63,1,6,64,6.052089168924417,7.780720886117918,4574.0,167,1.0,5.5,16,13
24,1,0,720x1440,11,0,4,32,7.072421900537371,9.057655284310535,8199.0,3,23.0,6.4,128,36
33,1,0,720x1520,139,0,4,64,6.368187186350492,6.697034247666484,699.0,1,31.0,3.4,64,2
13,1,1,1080x2160,45,1,6,256,6.825460036255307,8.675222055641148,5630.0,1,10.0,5.5,64,23
28,1,1,1080x2400,193,1,8,128,6.980075940561763,9.856160068128911,13134.0,2,9.0,6.58,256,13
60,1,1,1080x2388,3,0,8,128,6.543911845564792,9.856160068128911,13134.0,1,26.0,6.1,64,5
14,3,0,720x1280,139,0,3,32,4.727387818712341,5.937536205082426,4574.0,167,1.0,3.4,32,6
58,1,0,1080x2400,166,0,8,64,6.630683385642372,7.935229539816907,2670.0,2,5.0,5.45,32,54
38,2,1,1080x2340,193,1,8,128,5.365976015021851,7.8632667240095735,4574.0,167,1.0,4.5,16,13
8,1,0,1080x2400,166,1,8,128,6.880384082186005,9.831884133676436,13134.0,3,5.0,6.59,128,7
39,1,1,1080x2460,193,1,6,128,7.046647277848756,8.600062669238532,5299.0,2,3.0,6.4,128,74
60,1,1,1080x2412,68,1,8,128,7.02197642307216,9.378309422545737,6193.0,1,21.0,4.7,128,1
60,1,1,1080x2400,68,1,8,128,7.01211529430638,9.579694593071988,8699.0,1,42.0,5.5,128,3
103,1,1,720x1520,139,0,3,32,6.92461239604856,8.325063693631197,3599.0,3,13.0,6.5,32,88
103,1,1,1080x2460,193,1,8,128,4.189654742026425,9.856160068128911,13134.0,1,3.0,6.4,1024,88
20,2,1,720x1600,193,0,4,64,5.231108616854587,9.061724347647399,4574.0,167,1.0,5.5,64,10
39,1,1,1080x2400,193,1,6,64,6.173786103901937,8.4096079807363,4574.0,167,1.0,5.9,64,54
39,1,1,720x1600,193,0,6,64,3.8501476017100584,8.157657015196472,4574.0,167,1.0,5.5,32,1
23,1,0,1080x2400,166,0,8,64,3.6635616461296463,8.575273402492762,4574.0,167,1.0,6.18,64,5
33,1,1,720x1600,166,0,4,32,6.602587892189336,7.243512974665482,1230.0,2,49.0,3.4,64,19
13,1,1,1080x2400,68,1,8,128,6.716594773520978,6.532334292222349,595.0,2,29.0,3.4,64,27
24,1,0,720x1480,63,0,3,16,6.9167150203536085,9.655731072956666,13134.0,1,20.0,6.3,128,2
58,1,1,1860x2480,193,1,16,256,5.8377304471659395,8.068716192714781,3054.0,1,2.0,5.45,64,54
23,2,1,1080x2408,166,0,8,128,3.1780538303479458,7.575071699507561,1775.0,2,11.0,6.1,16,23
58,1,1,1080x2400,166,1,8,128,6.763884908562435,8.076826031298808,4574.0,167,1.0,6.22,32,74
9,1,1,720x1600,166,0,4,64,5.961005339623274,8.159660737063376,4574.0,167,1.0,6.35,32,74
33,2,1,1080x2408,166,0,8,128,5.991464547107982,6.525029657843462,599.0,5,41.0,3.4,64,14
14,1,1,720x1560,139,1,6,64,6.380122536899765,9.856160068128911,4574.0,167,2.0,6.7,256,13
15,1,1,1080x2400,193,1,8,128,5.720311776607412,8.00603417874901,4574.0,167,2.0,5.7,32,20
103,1,1,1080x2400,193,1,8,128,6.913737350659685,9.856160068128911,13134.0,3,27.0,6.7,256,2
9,1,0,1440x3088,68,1,8,128,6.833031732786201,8.466320861042481,4299.0,1,36.0,6.51,64,74
23,1,1,1080x2400,166,1,8,256,5.703782474656201,7.903596289614301,2199.0,1,17.0,5.5,16,3
1,1,1,1080x2340,139,0,8,64,5.602118820879701,8.286017468404763,3947.0,1,2.0,5.5,64,1
60,1,1,1080x2400,166,0,8,128,6.608000625296087,9.826012379256717,13134.0,1,30.0,5.5,128,7
1,1,1,1080x2340,193,1,8,128,1.3862943611198906,8.630521876723241,4574.0,167,1.0,5.0,16,74
34,1,1,1080x2340,139,1,10,256,6.416732282512326,8.998013113095823,7398.0,1,7.0,5.7,128,7
17,1,1,1080x2400,166,0,8,128,6.97914527506881,8.183955717304954,3177.0,3,51.0,6.6,64,74
16,1,0,1170x2532,4,1,6,128,6.844815479208263,8.799058378546453,6365.0,1,16.0,6.3,128,7
34,1,1,1080x2160,139,1,4,64,4.927253685157205,8.823058934301647,5999.0,1,22.0,5.7,128,13
58,1,1,720x1600,166,1,6,128,6.363028103540465,7.765569081097317,2353.0,2,2.0,5.0,16,10
14,1,0,720x1440,63,0,2,16,6.931471805599453,8.166216268592143,3375.0,2,15.0,6.22,32,3
103,1,1,1080x2400,193,1,8,128,6.899723107284872,9.774801544908083,13134.0,1,14.0,6.4,512,88
17,1,0,720x1520,63,0,4,64,6.257667587882639,8.143226750367445,3149.0,3,12.0,6.52,64,88
58,2,1,720x1600,193,0,6,64,5.541263545158426,7.983098940710892,4574.0,167,1.0,5.5,64,10
38,1,0,1080x1920,32,0,3,16,6.4692503167957724,6.993932975223189,959.0,1,12.0,3.4,32,6
24,1,0,720x1280,14,0,3,16,6.8966943316227125,8.36450810375059,4089.0,1,17.0,6.5,64,74
13,2,1,1440x3200,68,1,8,128,3.258096538021482,6.597145701886651,647.0,2,29.0,3.4,32,6
60,2,1,1080x2404,68,0,8,128,5.996452088619021,8.83579236650274,6319.0,2,3.0,4.7,128,4
103,1,1,1080x2400,193,1,12,256,5.929589143389895,9.514141826307847,4574.0,167,1.0,6.2,128,23
58,1,1,1080x2400,166,1,8,128,6.922643891475888,8.552367266423891,4740.0,1,13.0,6.53,128,10
60,2,1,1080x2400,68,1,8,128,6.021023349349527,8.83579236650274,6319.0,2,3.0,4.7,128,4
23,2,1,1080x2400,193,0,4,128,6.51471269087253,8.165932137321585,3244.0,2,8.0,6.55,128,36
103,1,1,1080x2400,193,1,8,128,6.955592608396297,8.335911094196945,3799.0,1,8.0,6.4,32,74
14,1,0,1080x2220,45,1,8,64,3.8918202981106265,7.44716835960004,4574.0,167,1.0,5.0,8,7
23,1,1,1080x2376,166,1,8,128,6.09807428216624,9.151651375627504,9249.0,1,7.0,6.3,256,2
103,1,1,1080x2400,193,1,8,128,6.975413927455952,9.856160068128911,13134.0,1,59.5,6.7,128,36
58,1,1,1080x2400,193,1,8,64,6.728628613084702,9.397234790615272,11898.0,1,6.0,6.57,256,3
28,1,1,720x1600,193,0,4,32,6.665683717782408,9.531118671917154,13134.0,2,3.0,6.0,256,88
60,1,1,1080x2400,68,1,6,128,6.192362489474872,8.779557455883728,4574.0,167,1.0,5.5,16,4
60,1,1,1080x2412,68,1,8,128,7.0925737159746784,9.856160068128911,13134.0,1,59.5,6.7,256,5
38,1,0,720x1280,1,0,2,16,6.539585955617669,6.304448802421981,496.0,1,35.0,3.4,32,27
24,1,0,720x1520,63,0,2,16,5.762051382780177,7.149916836132109,1149.0,1,57.0,3.4,8,7
14,1,0,1440x2560,11,1,4,64,6.423246963533519,7.786551806428712,2168.0,1,31.0,5.5,16,54
28,1,1,1224x2664,68,1,8,128,6.670766320845874,8.159374736775426,3199.0,2,5.0,6.09,32,14
38,1,1,1080x2160,45,0,6,32,5.926926025970411,8.93748122841604,6014.0,1,2.0,6.0,64,4
34,1,1,1080x2340,139,0,6,32,6.782192056006791,8.59748202264504,5199.0,1,28.0,5.7,128,7
103,1,0,1440x3200,193,1,16,128,6.818924065275521,9.4066470133368,11699.0,1,27.0,6.7,128,36
103,1,1,720x1600,139,1,4,32,5.4510384535657,9.856160068128911,13134.0,1,3.0,6.8,512,12
15,1,1,1080x2312,139,0,8,64,4.709530201312334,7.870165946469845,4574.0,167,1.0,5.45,32,54
1,1,0,1080x2340,63,0,6,64,5.755742213586912,5.683579767338681,263.0,1,11.0,3.4,8,7
38,1,0,1080x1920,32,0,4,32,6.9584483932976555,7.740229524763182,4574.0,167,1.0,5.71,16,54
24,1,0,1080x2160,14,0,4,32,5.634789603169249,8.65817178467581,4574.0,167,1.0,6.5,128,74
39,1,1,1080x2400,193,1,6,128,7.045776576879511,8.863757191604241,6999.0,2,15.0,6.5,128,74
3,1,1,1080x2400,166,1,6,128,6.655440350367647,9.856160068128911,13134.0,1,53.0,5.2,64,36
27,1,0,1080x2280,63,0,6,64,5.948034989180646,8.070593539949519,4574.0,167,1.0,6.09,32,14
19,1,1,1080x2376,166,1,8,128,6.658011045870748,9.65020690680168,13134.0,1,7.0,6.8,128,12
23,2,1,720x1600,193,0,8,64,6.51025834052315,8.165932137321585,3244.0,2,8.0,6.55,128,36
60,1,1,1080x2412,68,1,8,128,6.573680166960646,8.438799123988225,4500.0,1,4.0,4.7,64,3
39,1,1,1080x2400,193,1,8,128,6.555356891810665,8.699348067653093,4574.0,167,1.0,5.5,64,1
24,1,0,1080x1920,45,1,3,32,7.0192966537150445,8.819813136232225,6289.0,3,34.0,6.5,128,12
34,2,0,1080x2246,63,1,6,64,5.493061443340548,7.524021415206125,1795.0,2,2.0,5.5,16,7
103,1,0,1125x2436,4,1,4,64,7.077498053569231,8.69901462316851,5368.0,4,59.5,6.4,64,74
103,1,1,1080x2400,193,1,8,128,6.946013991099227,9.00601857490256,7436.0,3,59.5,6.5,128,88
38,1,0,720x1440,32,0,3,16,6.55250788703459,9.140239744296693,9166.0,1,4.0,6.39,128,88
38,1,1,1080x2400,193,1,6,128,5.293304824724492,7.8632667240095735,4574.0,167,1.0,4.5,16,13
103,1,0,1440x3200,193,1,16,128,6.593044534142437,9.856160068128911,13134.0,1,27.0,6.7,256,12
34,1,1,1440x2960,139,1,4,64,6.244166900663736,8.461046030793236,4610.0,1,13.0,5.7,128,13
7,1,1,720x1600,193,0,4,128,6.618738983517219,8.021584533455107,2889.0,1,4.0,4.0,32,13
38,1,0,1080x1920,32,0,3,16,6.727431724850855,7.086737934510577,1090.0,1,39.0,3.4,32,6
1,1,1,720x1560,139,0,3,32,5.0689042022202315,7.590346945602565,4574.0,167,1.0,5.5,16,6
38,2,0,480x854,1,0,2,8,6.12029741895095,6.4967749901858625,499.0,2,5.0,3.4,8,27
3,2,0,720x1600,193,0,2,32,5.575949103146316,5.991464547107982,299.0,2,20.0,3.4,32,4
103,1,1,1080x2340,193,1,8,128,6.946975992135418,8.432724034789787,4309.0,1,9.0,5.8,32,54
103,1,1,1080x2340,139,0,4,64,7.089243155027514,9.773435813175855,13134.0,3,59.5,6.1,128,23
9,1,1,1080x2400,166,0,6,128,6.516193076042964,8.425077902508432,4574.0,167,1.0,5.5,32,1
20,2,0,1080x2400,193,1,8,128,5.393627546352362,9.061724347647399,4574.0,167,1.0,5.5,64,10
9,1,1,720x1600,166,0,4,64,6.795705775173514,9.3615151997733,10420.0,2,26.0,6.44,128,88
19,1,1,720x1600,193,0,4,64,6.985641817639208,9.18993356219852,9299.0,1,3.0,6.4,128,88
38,1,0,720x1280,5,0,2,16,6.734591659972948,6.39024066706535,544.0,2,35.0,3.4,32,27
19,1,0,480x960,1,0,1,16,6.513230110912307,8.318498320504338,4574.0,167,1.0,5.7,64,20
38,1,0,480x800,1,0,1,8,6.693323668269949,6.899723107284872,899.0,1,50.0,3.4,32,6
7,1,0,1080x2160,63,0,4,64,5.3981627015177525,6.395261598115449,4574.0,167,3.0,3.4,32,18
11,1,1,720x1600,193,0,4,64,6.796823718274855,8.80492526261806,5386.0,1,9.0,5.0,64,6
103,1,1,720x1560,139,0,4,64,6.70073110954781,9.685082755569091,13134.0,1,17.0,6.4,512,88
60,1,1,720x1600,166,0,8,128,7.00850518208228,9.856160068128911,13134.0,1,46.0,6.1,128,5
8,1,1,1080x2340,139,1,8,64,6.3473892096560105,7.52294091807237,1499.0,2,5.0,4.5,8,19
13,1,0,1080x2160,45,0,4,32,7.051855622955894,9.670293665368417,13134.0,1,13.0,6.55,128,12
13,1,1,1080x2160,11,1,6,64,5.820082930352362,8.9001399880938,4574.0,167,1.0,5.5,64,20
20,2,0,1080x2520,139,1,4,64,5.988961416889864,7.489412083508719,1678.0,3,42.0,6.0,32,19
34,1,1,1080x2340,63,0,4,32,6.687108607866515,9.446755465483632,12077.0,1,6.0,5.84,128,7
28,1,0,1080x2340,4,1,4,64,6.907755278982137,8.741456115998364,5932.0,1,17.0,6.15,256,3
14,1,0,1080x2160,139,0,3,32,3.8066624897703196,6.47543271670409,4574.0,167,1.0,3.4,64,13
39,1,1,1080x2340,193,1,6,128,6.317164686747284,8.18004072349016,3549.0,3,2.0,5.2,64,54
3,1,1,720x1600,166,0,4,64,6.695798917058491,9.303557453687317,10537.0,1,31.0,4.7,32,4
14,2,1,720x1440,139,0,3,16,5.808142489980444,5.605802066295998,227.0,2,10.0,3.4,64,18
38,2,1,1080x2400,193,1,8,128,5.181783550292085,7.8632667240095735,4574.0,167,1.0,4.5,16,13
14,1,0,1080x1920,45,1,4,64,5.267858159063328,8.185907481482324,4574.0,167,1.0,6.52,64,88
8,1,1,720x1600,193,0,4,32,4.795790545596741,9.770527425279898,4574.0,167,1.0,6.0,512,88
8,1,1,1080x2340,139,0,4,64,5.963579343618446,6.023447592961033,359.0,4,36.0,3.4,16,6
28,1,1,1080x2400,166,1,12,256,6.9930151229329605,9.652458797732383,4574.0,167,1.0,6.47,256,13
33,2,1,1080x2400,166,1,8,128,5.7899601708972535,7.6251071482389,1999.0,4,2.0,3.4,32,36
39,2,0,1440x3088,193,1,8,128,5.4638318050256105,8.663887570567042,4574.0,167,1.0,6.2,64,74
58,1,1,1080x2400,166,1,6,128,6.57507584059962,8.208219383496834,3260.0,1,4.0,5.9,32,88
17,1,1,1080x2400,166,1,8,128,6.964135612418245,8.232706009860976,3333.0,5,49.0,6.6,128,74
1,1,0,720x1280,10,0,2,16,5.043425116919247,8.14902386805177,4574.0,167,1.0,5.0,32,23
103,2,1,1080x2340,139,1,6,64,5.564520407322694,8.754634047431272,4574.0,167,1.0,6.4,64,88
60,1,1,1080x2460,68,1,8,128,6.639875833826536,9.856160068128911,13134.0,1,15.0,6.1,128,5
33,1,1,1080x2412,166,1,8,128,4.912654885736052,7.633369649679584,2050.0,4,3.0,3.4,32,36
103,1,1,1440x3040,193,1,6,64,6.863803391452954,9.291736010180177,10340.0,2,20.0,6.7,128,36
8,1,0,1080x2400,166,1,8,128,7.038783541388542,9.851825769212237,13134.0,1,7.0,6.59,128,7
14,2,0,1080x1920,45,1,4,64,6.2878585601617845,6.484635235635252,649.0,3,26.0,3.4,32,5
27,2,0,720x1280,45,0,4,32,6.546785410760524,8.639764743804419,5605.0,3,2.0,7.12,64,74
58,2,1,1080x2400,166,1,8,128,5.905361848054571,8.509161019718974,4690.0,2,8.0,6.53,128,10
38,1,0,1080x1920,32,0,4,32,6.297109319933935,7.081708586105575,1090.0,3,39.0,3.4,32,6
60,1,1,1080x2408,166,0,8,128,7.057897937411856,9.371182897093012,7343.0,1,48.0,4.7,64,7
103,1,1,1440x3168,193,1,12,256,6.0844994130751715,9.856160068128911,13134.0,1,8.0,6.5,256,36
58,1,1,1080x2400,166,0,6,128,7.105786129481271,8.912877287669296,7025.0,5,59.5,6.67,128,10
9,1,1,1080x2408,166,0,8,128,6.79346613258001,9.648917831534549,13134.0,1,25.0,6.56,128,2
27,2,1,1080x2280,45,0,4,32,6.642486801367256,7.823645930834952,4574.0,167,1.0,5.7,32,14
17,1,1,1344x2772,166,1,8,256,6.304448802421981,6.419994928147142,517.0,1,28.0,3.4,64,2
103,1,1,720x1600,139,1,6,64,6.182084906716632,8.573951525234847,5255.0,1,2.0,6.0,32,23
16,1,1,1080x2340,139,0,6,64,6.208590026096629,7.651595573857601,2030.0,2,4.0,6.49,16,88
28,1,0,1170x2532,4,1,4,64,6.214608098422191,8.59044365315583,4574.0,167,1.0,6.3,64,3
103,1,1,720x1600,193,0,4,64,6.714170529909472,8.594154232552366,4574.0,167,1.0,5.1,32,54
23,2,0,1080x2340,63,0,6,64,4.543294782270004,8.041412909393047,4574.0,167,1.0,5.5,64,5
6,1,0,1440x3200,193,1,8,128,5.958424693029782,7.302496423727326,1189.0,1,4.0,3.4,64,1
1,1,1,1080x2400,166,1,8,128,6.385194398997726,7.669495251007694,1785.0,2,2.0,5.5,16,1
39,1,1,1080x2340,166,1,8,128,4.90527477843843,8.422882511944996,4574.0,167,1.0,6.2,64,88
60,1,1,720x1600,166,0,8,128,6.949856455000773,9.856160068128911,13134.0,2,37.0,6.1,128,8
7,1,0,1284x2778,4,1,6,128,6.20455776256869,8.107720061910534,3069.0,1,11.0,6.3,64,88
38,1,0,1440x2960,11,1,6,64,6.93828448401696,8.058960017769417,2999.0,5,17.0,6.5,32,36
103,1,0,720x1680,139,0,3,64,6.741700694652055,9.856160068128911,13134.0,2,22.0,6.4,1024,88
38,2,0,720x1280,1,0,3,32,5.6131281063880705,6.398594934535208,539.0,2,31.0,3.4,32,27
34,1,1,1080x2340,63,1,8,128,6.359573868672378,7.710653323501202,2090.0,1,10.0,6.21,16,13
58,1,1,1080x2400,166,1,8,128,6.2422232654551655,8.188411308079031,4574.0,167,1.0,6.26,32,88
34,2,0,1440x3120,63,1,4,64,5.680172609017068,9.216719978940223,9760.0,2,14.0,6.3,128,3
16,2,0,1080x2340,139,0,4,128,5.793013608384144,8.524962928680598,4880.0,3,6.0,6.41,64,4
20,1,1,1440x3120,139,1,6,128,6.923628628138427,7.931284761525891,2599.0,1,56.0,6.08,32,88
60,1,1,1080x2408,68,0,4,32,6.646390514847729,8.899457906353966,5190.0,1,3.0,4.0,64,3
33,1,1,1080x2280,166,1,8,128,5.204006687076795,8.513787398281405,4077.0,2,38.0,5.7,16,74
28,2,1,1080x2408,166,0,6,64,6.400257445308821,7.91644286012226,2689.0,3,9.0,5.71,16,14
60,1,1,720x1600,166,0,4,32,6.875232087276577,9.856160068128911,13134.0,1,37.0,6.1,128,5
